200 200

# Men's preferences
67 188 102 194 112 122 14 3 65 45 137 171 129 77 159 168 46 131 31 4 160 16 43 127 187 163 48 111 6 195 38 123 13 37 154 70 62 196 33 173 172 61 11 145 161 53 126 107 74 114 106 96 104 146 44 1 162 193 17 81 103 39 157 177 136 79 116 20 15 178 147 180 66 85 166 47 105 80 55 197 86 119 110 134 143 34 19 141 124 176 64 84 149 101 156 73 28 185 113 52 175 5 30 184 100 99 132 125 199 135 179 121 35 49 170 139 150 133 128 22 82 78 10 83 165 120 90 69 54 91 95 42 94 117 200 158 26 181 148 75 59 153 18 50 93 76 142 21 97 32 138 118 12 68 89 92 25 98 183 191 87 182 40 169 88 186 41 2 72 151 115 57 108 192 167 51 144 198 155 130 60 56 24 8 9 109 152 23 140 174 27 189 36 58 63 71 190 7 29 164
77 95 153 164 129 93 166 154 134 74 102 117 39 88 23 4 44 165 100 54 135 169 15 78 10 69 193 3 29 186 83 126 51 33 56 35 48 81 60 40 45 192 5 191 30 157 42 98 189 143 127 67 198 46 79 144 182 76 101 99 89 43 27 73 180 32 178 107 188 123 168 24 11 66 82 21 68 65 114 86 121 145 41 140 130 75 146 118 38 150 128 124 92 190 131 94 90 161 37 170 159 137 1 136 112 8 195 160 62 155 53 22 185 197 97 12 174 108 70 84 7 13 71 110 149 141 175 20 138 119 163 47 158 36 115 152 50 184 28 181 104 171 26 14 120 106 109 91 111 176 25 49 105 156 63 122 148 147 34 199 200 125 72 61 132 173 85 9 18 196 16 162 19 2 57 179 59 142 151 6 87 17 58 64 31 116 133 113 96 167 172 103 80 183 52 177 187 194 139 55
123 76 55 160 196 62 128 70 120 116 199 157 155 192 48 194 84 175 89 182 133 81 147 200 35 180 88 63 37 8 32 2 171 13 143 60 136 169 22 172 135 93 82 188 31 104 134 44 97 179 30 21 96 107 129 51 158 119 19 178 137 187 125 73 100 112 49 162 173 17 193 170 141 154 53 156 198 176 16 102 80 117 9 195 47 26 149 138 67 191 131 159 6 168 25 74 132 115 122 78 148 145 101 165 127 56 77 197 5 185 75 23 189 113 15 4 43 146 108 87 139 66 83 45 36 99 124 18 72 85 103 50 151 58 59 166 90 118 52 57 121 174 98 28 41 69 161 152 190 153 7 106 46 186 61 40 105 183 91 27 64 54 92 167 94 79 11 33 111 38 184 150 95 10 140 39 177 20 29 3 144 110 181 142 114 42 68 164 34 86 1 12 71 109 163 24 14 65 126 130
103 188 95 56 132 47 193 92 145 78 66 151 10 89 19 58 137 50 174 131 143 127 30 129 121 68 162 183 12 65 182 187 27 1 124 175 101 189 172 35 23 81 128 133 181 63 176 52 197 152 186 90 38 5 13 46 168 25 190 102 37 79 72 169 14 177 166 75 22 48 96 135 192 200 15 94 126 31 173 179 93 26 32 191 148 88 9 84 29 45 109 198 3 199 184 33 54 97 165 196 147 44 106 59 28 42 49 34 7 24 163 111 18 160 83 11 146 156 73 76 51 117 4 69 80 159 118 154 43 104 87 142 8 140 112 170 155 178 57 138 150 149 77 91 2 123 98 6 100 108 53 16 158 120 167 85 105 107 17 55 40 99 60 39 36 21 139 195 86 70 61 74 20 113 180 62 161 125 134 71 164 64 67 116 122 41 115 141 110 130 185 157 114 194 82 153 144 136 171 119
66 157 144 129 99 36 87 113 155 118 6 120 102 64 116 184 197 53 169 42 25 51 107 146 147 103 106 160 165 162 139 69 132 164 114 18 191 198 35 100 200 75 43 175 41 123 86 110 173 30 152 98 134 158 182 187 19 83 154 45 199 161 1 68 101 23 148 21 92 34 28 27 13 8 94 40 196 137 159 111 58 185 194 29 80 77 186 54 192 16 32 11 39 140 96 20 108 193 176 174 10 119 52 9 15 156 131 7 172 44 170 179 61 37 74 2 190 128 168 97 112 82 17 121 90 38 130 14 12 163 33 4 78 46 93 59 171 145 26 73 135 189 124 56 150 48 138 151 81 50 31 60 65 167 70 117 195 85 141 109 89 136 142 178 95 149 79 63 104 57 76 24 5 115 181 166 122 177 183 188 126 105 62 22 49 133 3 143 71 180 153 72 88 67 91 55 125 47 84 127
191 29 147 38 109 28 111 183 67 52 110 46 100 94 135 12 144 87 199 2 138 157 56 98 33 60 193 48 188 137 189 136 15 168 16 151 3 92 120 21 82 123 73 97 55 26 89 130 22 68 51 166 186 181 164 178 169 190 162 78 84 146 7 57 13 88 171 17 5 64 108 79 95 184 159 6 149 154 116 145 131 115 177 161 155 70 118 43 198 122 200 134 20 63 176 129 76 39 153 37 160 143 165 101 44 124 102 99 36 9 18 96 174 77 25 50 19 71 59 142 61 140 107 54 35 91 66 75 152 40 31 158 187 58 185 182 4 80 41 62 8 32 125 113 173 34 179 69 53 156 192 128 93 197 49 14 175 119 139 1 132 104 30 180 65 81 23 117 10 141 103 170 74 127 106 85 42 27 172 83 86 105 90 195 24 126 163 112 150 47 72 114 167 133 121 45 194 196 11 148
198 17 73 167 55 105 33 166 62 185 81 175 88 139 68 83 8 146 126 1 20 165 21 67 22 131 100 54 170 133 56 46 26 85 23 58 160 149 122 172 108 138 182 63 159 132 135 40 32 7 152 181 193 106 187 125 27 35 136 90 86 130 186 168 50 154 31 157 123 64 180 5 162 18 189 53 39 196 143 115 79 42 137 158 4 169 30 95 14 116 82 199 75 101 127 183 48 153 16 69 134 2 110 161 12 47 72 121 178 173 144 93 87 111 29 97 184 10 197 15 103 44 112 96 38 104 155 191 192 43 70 129 142 141 52 45 107 84 163 24 34 94 9 113 80 11 25 36 176 49 57 91 59 188 200 156 13 145 190 71 102 6 179 76 148 92 147 98 61 28 124 99 51 78 117 65 177 109 195 77 151 89 114 19 41 140 174 74 120 3 171 194 118 66 164 119 60 37 150 128
105 125 156 112 64 3 52 195 89 23 32 63 120 67 42 85 182 66 47 154 49 137 94 165 75 31 147 99 50 138 91 18 153 39 58 73 69 51 146 155 148 185 177 22 140 27 143 171 193 54 6 2 127 166 60 187 149 101 191 10 113 157 1 80 44 90 70 24 150 35 192 79 128 82 167 36 15 109 102 186 121 196 62 178 159 198 74 184 97 40 77 37 194 176 55 100 46 53 163 169 43 175 181 145 164 72 174 104 124 95 96 13 199 133 11 131 168 9 190 119 88 20 162 48 189 86 41 160 81 25 107 161 144 87 106 59 172 142 56 180 26 111 130 117 76 136 98 84 141 71 183 179 38 188 21 19 114 126 173 110 103 123 16 8 118 78 134 12 158 57 129 116 28 152 132 93 115 122 17 30 135 108 33 14 68 197 5 83 151 61 92 4 200 7 170 29 45 65 139 34
199 115 186 62 158 139 198 47 69 1 33 108 106 15 133 26 54 56 154 18 116 3 72 185 13 70 134 153 32 150 187 35 64 132 89 17 53 52 155 7 43 162 49 105 120 4 168 68 22 121 143 101 184 55 24 67 96 189 193 85 29 99 16 176 161 163 182 174 14 78 92 175 166 171 114 25 74 94 167 71 123 95 141 124 77 79 12 117 126 37 48 100 180 122 197 142 10 65 188 8 76 36 152 39 157 109 191 9 149 130 41 177 195 42 156 82 83 125 113 119 88 58 170 196 73 97 60 127 46 146 40 194 51 66 138 27 61 38 140 90 50 145 136 169 131 178 165 86 57 87 80 183 21 135 103 151 160 63 28 190 23 93 179 159 44 200 6 173 30 75 107 164 104 147 110 148 81 20 118 5 112 11 102 19 91 172 144 129 59 181 137 98 34 45 111 192 128 2 31 84
188 117 143 169 44 128 120 8 185 196 152 49 45 105 30 104 93 194 191 166 175 56 182 101 21 85 144 77 53 67 145 177 189 184 164 192 141 83 172 140 100 23 126 17 99 123 118 74 146 25 2 151 75 127 162 35 168 109 197 187 6 63 180 134 81 72 46 103 89 155 111 82 66 161 69 64 88 9 59 165 54 86 195 16 39 148 167 15 55 68 78 71 198 28 33 3 122 1 79 58 176 91 171 110 131 173 156 37 5 18 19 102 179 84 92 154 13 41 4 29 125 11 163 31 48 150 51 149 107 7 90 138 57 24 112 38 132 116 70 186 22 158 32 133 27 142 96 124 14 65 200 52 183 108 136 129 98 193 119 181 147 95 50 121 80 62 137 60 115 73 157 114 61 174 94 106 12 113 43 160 178 47 42 199 97 153 34 159 87 170 10 135 190 139 130 26 76 20 40 36
74 2 141 122 182 120 25 1 80 14 35 13 19 56 73 6 143 65 127 164 55 181 78 190 7 52 3 46 54 107 77 106 125 98 118 160 184 130 199 149 75 145 165 49 183 135 126 151 101 171 147 44 30 129 59 42 131 68 5 108 169 173 119 53 62 51 138 176 97 17 60 189 162 174 124 121 31 194 105 153 29 66 177 134 82 172 39 38 198 156 139 157 45 86 150 88 12 57 92 23 179 10 144 137 26 63 89 148 200 28 58 159 161 100 34 16 186 117 50 67 64 24 136 4 166 123 197 72 81 102 142 36 154 163 96 185 116 40 146 193 93 152 61 18 33 9 192 37 8 41 132 94 104 20 15 71 195 158 91 11 167 90 114 43 110 187 115 79 175 170 84 180 27 83 76 140 47 155 111 21 109 22 69 133 196 188 178 128 48 87 99 113 191 103 112 95 32 70 85 168
93 23 12 97 30 111 9 92 127 122 90 3 160 29 39 1 100 110 142 171 57 141 70 83 187 42 129 173 166 85 121 4 15 131 181 68 45 172 27 193 74 133 138 31 55 175 126 170 35 195 33 22 38 148 199 143 67 76 11 185 40 60 21 114 20 59 154 43 112 5 86 102 91 139 66 26 180 96 105 44 48 51 150 17 178 136 80 36 163 58 65 50 10 115 71 188 151 72 73 174 183 134 106 52 98 47 94 194 18 135 14 109 2 155 123 61 87 191 198 184 182 146 152 125 7 46 149 56 158 118 130 101 24 6 137 79 190 157 162 192 145 49 168 84 179 153 108 99 189 13 25 169 64 116 69 32 120 62 200 28 144 132 95 34 103 89 82 81 37 156 88 53 119 186 196 113 41 16 177 19 117 77 104 176 63 124 78 165 75 140 161 128 8 164 159 107 147 197 54 167
46 128 131 155 67 117 48 162 179 27 109 19 116 3 34 167 190 108 49 111 103 56 96 156 47 146 57 10 87 163 173 4 76 80 94 150 20 22 86 29 193 79 17 127 16 192 31 9 139 7 177 194 6 125 159 141 122 151 191 41 148 40 132 104 188 44 152 92 33 169 149 105 15 25 35 196 65 18 100 182 176 59 110 43 134 78 73 39 2 101 181 24 183 51 107 160 171 23 5 93 95 69 30 154 115 12 99 8 83 112 42 37 195 129 130 161 61 198 113 120 199 53 153 119 184 180 1 142 133 121 85 106 26 14 60 187 136 13 63 62 28 36 145 166 70 138 52 55 168 66 114 158 21 164 11 75 38 89 102 98 189 147 32 172 71 200 90 197 82 126 54 74 186 58 77 143 72 64 50 124 157 68 178 165 175 185 174 91 140 88 137 118 45 81 97 135 123 170 84 144
91 94 176 128 88 63 152 158 182 71 61 161 14 22 124 86 184 191 37 2 164 81 26 62 40 100 68 11 183 190 80 50 127 120 48 154 78 165 170 169 178 73 200 155 103 112 10 118 142 113 198 171 51 110 185 75 64 4 153 160 83 44 76 23 82 111 72 179 193 67 156 125 180 42 92 41 146 167 38 65 157 8 28 148 116 57 189 162 151 7 123 95 129 168 77 13 188 27 133 177 99 163 54 85 104 5 166 140 122 25 36 195 45 59 32 197 106 49 69 55 70 196 87 60 186 3 137 159 58 33 101 46 31 90 143 21 187 97 174 98 96 108 35 47 105 74 9 121 18 192 139 17 89 109 12 19 149 56 1 66 102 6 79 119 144 173 194 172 107 132 34 117 15 199 131 24 126 150 53 175 30 114 134 84 43 39 138 147 52 130 141 16 29 145 20 93 181 136 115 135
164 127 88 200 114 75 110 24 58 94 78 47 159 136 54 4 41 74 17 156 113 158 77 43 165 198 27 30 151 19 112 97 140 174 10 50 152 21 108 116 96 187 84 72 70 18 89 170 45 103 15 99 34 7 162 100 64 117 42 196 55 157 6 22 130 119 61 101 49 115 182 163 169 39 29 32 186 173 52 175 11 193 35 46 33 138 143 25 199 125 104 177 14 23 56 147 90 122 105 37 109 129 178 68 111 124 171 71 69 1 3 160 154 189 180 86 172 80 8 183 153 65 28 131 133 148 134 60 139 168 2 13 20 9 135 16 48 144 36 161 91 44 118 166 126 66 87 141 176 195 146 185 59 85 51 40 76 107 149 150 188 197 5 38 57 145 12 106 81 95 191 82 121 26 184 128 132 93 67 79 92 167 137 120 98 73 83 142 62 102 53 181 155 179 63 123 194 192 31 190
140 52 174 107 61 200 30 166 45 180 68 54 13 186 37 12 151 146 141 21 172 8 85 55 110 72 113 83 168 65 119 95 86 11 90 147 158 6 50 58 189 3 126 136 123 35 149 67 31 198 29 5 25 116 176 46 125 102 133 16 20 88 66 118 53 9 87 160 190 60 194 130 154 193 120 73 15 124 94 139 148 96 122 74 145 178 162 156 109 157 41 135 164 89 137 42 165 131 117 152 56 104 57 129 103 49 80 161 51 1 39 18 14 59 26 173 128 188 81 171 32 121 33 47 10 101 62 77 108 71 112 43 17 38 127 138 78 184 36 155 182 44 134 63 144 185 179 106 75 4 99 84 153 195 199 91 167 7 169 105 132 181 143 115 197 196 23 34 27 70 177 114 79 2 24 28 93 82 100 187 163 192 40 69 191 19 183 64 76 159 22 98 170 150 175 48 111 97 142 92
21 167 26 141 135 123 173 147 114 128 10 1 13 78 145 93 5 178 158 34 56 59 52 97 107 61 49 146 47 180 9 199 86 20 115 143 175 14 42 75 96 44 189 163 62 71 192 157 33 36 32 73 70 153 95 132 162 67 108 35 112 121 3 38 29 4 164 125 120 57 127 169 149 64 65 92 171 188 177 131 151 46 7 196 58 155 99 191 198 98 22 148 23 83 109 69 183 172 159 150 106 74 194 181 54 50 66 19 89 176 24 15 40 31 16 168 182 137 11 76 79 129 39 103 130 87 105 170 140 91 190 139 101 154 81 136 126 68 186 118 156 84 94 160 138 27 17 72 193 55 2 100 165 152 184 51 8 102 111 161 48 104 60 119 110 144 85 41 142 45 133 63 43 174 28 166 195 6 200 12 77 18 82 116 179 185 113 25 122 197 124 134 53 117 88 80 90 37 187 30
151 42 54 135 82 181 119 45 114 142 53 77 177 190 15 103 189 192 3 31 46 4 78 61 58 153 194 43 144 134 157 96 128 169 65 140 136 59 172 68 146 199 121 94 80 195 184 8 66 108 6 60 63 99 105 27 79 164 145 74 115 23 176 109 85 9 19 70 49 18 122 120 133 200 14 98 50 179 155 166 152 100 191 44 111 2 57 67 29 76 143 10 62 28 130 139 91 178 129 159 30 171 90 93 40 81 51 7 22 170 86 48 11 188 47 123 138 36 124 112 21 39 160 165 154 131 89 52 150 158 175 113 41 32 5 156 26 12 13 88 173 186 141 87 73 182 187 127 55 110 56 102 137 17 92 118 167 1 149 84 125 117 95 72 197 104 24 163 20 116 97 107 161 198 162 148 37 126 101 196 185 83 183 38 64 34 180 33 168 71 16 106 193 35 25 174 132 69 147 75
154 18 46 83 79 179 78 57 44 121 174 150 104 162 197 172 124 120 19 28 198 98 160 136 144 127 132 149 76 153 119 169 75 90 77 34 118 82 170 25 142 123 58 146 81 55 113 139 27 188 190 141 51 49 88 186 13 145 195 126 125 24 181 91 39 38 26 85 189 59 12 97 173 37 60 9 52 105 143 114 100 7 65 196 122 116 10 35 41 94 106 148 29 54 171 111 92 71 5 159 175 50 47 61 108 32 2 6 1 66 95 157 155 194 87 193 115 14 99 140 176 48 178 73 135 64 137 93 156 147 20 199 166 70 110 86 8 152 69 33 96 43 67 133 134 89 128 42 3 36 200 31 45 184 192 117 30 168 23 63 15 62 112 177 17 165 167 163 151 101 84 182 187 53 131 21 80 185 72 40 158 191 138 164 22 103 180 109 107 129 183 161 74 130 102 16 11 56 68 4
181 14 90 196 135 91 158 146 47 97 118 117 44 9 1 159 126 100 169 129 187 121 10 72 86 157 161 99 30 19 127 108 73 39 21 76 198 87 94 148 37 113 75 182 59 48 123 122 147 167 15 130 183 125 140 172 61 66 165 69 191 200 2 29 170 111 124 190 85 42 65 168 63 137 89 115 110 3 194 95 173 26 177 18 50 160 12 154 62 71 53 112 164 83 144 98 80 175 5 134 58 179 145 128 186 46 23 55 88 49 151 149 131 93 106 166 74 136 7 193 133 142 185 153 107 109 152 163 33 114 139 17 6 192 156 22 96 103 51 34 57 16 4 32 36 27 174 25 162 141 143 176 104 8 45 67 77 13 132 102 178 64 171 38 197 56 11 155 78 41 24 199 68 119 79 184 54 92 138 31 105 81 120 195 43 188 40 28 150 35 52 20 60 70 116 82 84 189 180 101
80 175 106 30 72 81 48 60 16 179 50 180 59 174 137 186 105 40 122 184 42 73 104 166 159 192 15 36 165 65 110 148 91 75 183 136 17 32 55 187 149 8 52 129 157 139 11 100 2 195 67 140 69 189 162 127 193 6 134 133 24 143 93 63 51 142 160 31 39 190 116 121 173 126 25 153 152 119 7 95 150 185 168 124 56 4 117 178 77 191 12 71 131 194 109 120 22 44 118 14 34 182 141 200 5 103 10 172 21 196 88 98 84 74 111 161 62 107 132 123 70 169 49 130 138 53 114 154 108 113 99 13 163 28 66 90 18 64 54 68 3 115 86 23 43 156 89 61 20 85 197 128 27 145 57 177 155 47 9 146 101 147 1 46 33 76 79 97 176 188 171 58 92 158 144 45 82 167 125 164 112 41 35 83 78 87 26 199 102 170 198 96 19 94 135 29 37 181 151 38
69 51 62 135 64 168 137 127 20 152 131 60 132 34 180 130 95 58 97 101 49 70 181 91 22 27 80 1 182 123 172 79 111 139 15 14 92 76 144 56 19 6 17 178 46 75 81 150 126 98 170 190 155 24 16 2 117 72 41 128 179 141 177 87 188 197 47 164 59 5 32 86 149 93 166 157 73 140 116 173 65 113 193 176 66 8 119 169 110 53 189 120 25 12 83 78 54 94 121 42 165 57 124 114 167 30 13 88 90 63 154 36 40 156 192 105 44 3 48 184 35 158 199 96 7 185 162 85 163 136 103 37 104 160 194 10 198 125 99 68 106 89 138 74 148 145 28 26 146 171 39 107 29 108 187 151 4 118 134 71 84 142 195 143 100 23 18 82 67 153 186 161 52 112 175 196 109 11 33 50 55 43 45 115 31 38 159 174 191 133 200 129 9 183 102 21 77 122 61 147
134 129 72 14 161 51 118 192 181 180 35 165 37 99 132 78 4 31 149 197 83 136 46 95 29 184 117 40 127 116 6 13 160 32 110 101 187 123 60 173 34 30 98 158 3 69 94 54 38 142 64 106 9 105 90 45 171 113 140 89 70 102 66 115 42 198 48 103 5 139 50 172 120 52 55 56 185 12 93 21 74 22 199 177 135 1 8 152 97 138 81 43 63 11 24 151 41 19 59 190 107 148 26 18 20 186 53 174 68 191 155 112 126 65 194 114 125 159 80 157 75 178 111 193 61 16 109 119 145 141 195 85 162 79 58 91 196 23 86 146 163 33 121 25 182 47 143 44 188 130 92 122 137 57 88 175 147 200 10 100 169 108 179 76 128 7 36 82 104 154 15 62 133 39 49 189 167 168 67 183 84 164 71 87 17 124 28 176 77 73 156 153 166 144 96 170 131 2 27 150
195 145 200 87 186 146 97 58 155 167 37 175 182 193 100 139 194 142 19 133 115 187 71 106 153 130 138 96 116 140 69 161 86 88 38 5 67 197 72 33 143 118 150 77 99 177 10 25 158 64 56 148 172 16 47 113 169 7 192 151 132 74 136 104 147 135 41 34 9 120 82 191 91 63 129 90 149 112 49 79 103 111 171 126 137 189 14 21 8 17 102 121 84 154 62 89 50 123 59 101 188 125 144 44 179 48 12 94 35 80 57 46 43 22 83 152 18 110 2 6 199 198 109 163 15 95 55 81 93 75 157 45 166 13 119 164 173 117 60 66 183 20 174 24 39 127 29 23 4 1 61 85 124 54 168 196 11 42 76 105 92 165 181 68 52 190 51 128 28 30 73 31 159 131 27 185 36 156 160 70 134 184 26 170 108 78 3 162 176 178 53 40 180 122 65 141 32 98 114 107
6 113 52 109 143 132 173 103 59 140 48 11 50 22 5 60 34 180 76 149 185 73 166 20 47 9 24 176 79 114 160 64 123 97 137 177 190 170 16 179 155 189 150 121 61 40 68 29 138 3 182 110 86 156 120 93 102 112 10 174 119 77 63 21 188 129 8 7 19 153 4 192 67 142 55 37 69 54 74 196 62 72 171 15 42 82 70 65 23 84 17 152 135 175 125 147 80 133 26 151 81 106 95 92 41 71 139 39 161 178 90 165 198 115 18 104 191 38 44 187 164 148 98 89 146 78 126 108 99 145 83 100 27 33 45 46 200 124 111 13 136 2 128 35 130 186 181 32 167 107 162 87 158 118 56 101 31 49 51 157 66 197 105 36 127 43 12 28 96 134 141 75 163 91 194 1 57 183 25 30 116 193 169 184 122 154 159 199 85 195 58 14 94 88 117 172 168 53 144 131
163 167 145 47 67 77 101 168 32 45 148 124 84 21 110 177 109 166 94 17 142 60 91 151 149 87 113 172 193 190 183 64 75 8 199 37 36 71 165 61 68 176 79 174 54 70 15 35 181 31 196 159 173 26 25 29 49 178 116 39 97 44 51 38 108 65 46 160 6 118 194 106 16 80 188 184 102 52 58 171 53 200 154 74 105 72 33 23 180 103 156 5 43 179 59 4 20 112 137 10 129 157 114 95 164 121 117 187 169 162 88 111 28 100 119 86 27 9 81 1 127 69 143 123 128 13 155 22 146 50 185 12 125 198 131 132 96 133 7 73 139 197 99 152 98 189 191 63 62 115 89 30 3 144 122 136 56 76 93 186 195 55 175 90 24 104 138 140 107 41 130 18 134 48 57 135 82 19 92 141 147 126 78 170 158 161 14 153 83 192 11 40 182 120 85 2 66 150 42 34
16 4 143 132 43 41 188 84 76 100 13 25 3 178 38 60 17 78 166 152 156 164 135 129 147 151 37 118 183 117 7 162 77 165 175 114 89 90 140 105 24 170 154 69 80 111 167 54 153 15 11 122 103 174 1 134 128 124 32 113 56 53 74 52 98 163 192 181 137 87 196 49 108 106 70 141 102 148 157 14 42 83 91 59 189 184 197 136 27 86 99 96 48 34 9 30 63 29 6 46 62 133 95 19 120 107 187 23 176 131 185 126 97 22 88 155 139 109 31 160 190 127 47 173 12 66 200 179 161 75 58 101 191 39 121 67 10 55 104 8 130 5 144 20 68 198 138 36 72 21 45 28 142 182 177 193 115 119 123 180 35 93 71 112 57 64 171 2 44 110 81 94 146 145 40 150 79 169 158 194 116 195 82 50 18 159 73 199 61 168 172 33 92 85 125 149 186 51 26 65
85 8 125 38 182 86 116 162 87 161 128 173 100 159 104 133 83 17 198 82 149 127 135 94 191 195 65 192 186 76 107 114 91 92 11 63 54 142 145 185 77 184 80 113 29 32 120 78 4 147 165 140 64 42 164 141 166 194 3 168 6 157 15 180 9 70 56 61 19 148 126 50 81 7 143 196 172 132 174 13 21 58 30 16 179 102 45 74 40 112 96 93 101 48 23 62 72 71 119 189 177 51 183 36 79 118 151 200 69 146 155 33 75 144 55 20 14 190 53 41 103 89 27 84 187 181 67 163 170 2 49 138 105 73 22 60 123 66 35 109 26 90 98 167 178 110 136 12 95 188 171 111 1 139 175 197 24 31 129 137 10 193 158 122 46 25 199 39 108 130 134 52 5 28 34 99 97 59 18 152 153 117 88 176 43 68 131 169 160 47 150 37 154 106 57 44 124 121 156 115
173 172 72 11 100 50 158 58 54 38 95 117 94 22 60 115 89 170 43 86 77 174 4 84 82 192 149 33 39 193 179 141 146 32 96 136 184 73 131 10 78 25 195 196 127 165 99 15 107 134 9 37 12 153 168 26 93 125 162 181 187 147 14 102 112 101 190 44 139 35 191 126 71 108 34 143 42 13 75 150 27 83 199 113 90 169 16 135 23 152 104 197 183 5 119 116 55 137 7 17 111 180 29 51 120 186 121 154 177 36 155 171 41 80 48 159 109 6 70 110 167 1 79 160 85 123 176 21 31 194 40 92 156 140 164 53 157 62 61 52 128 49 47 69 56 161 166 122 46 142 20 189 103 24 74 64 68 3 185 133 91 106 81 59 57 163 98 18 198 188 182 8 151 175 118 87 63 124 145 97 114 178 65 200 138 66 132 30 88 76 129 19 144 28 130 105 45 67 2 148
107 41 8 192 49 29 185 32 31 128 183 140 146 120 156 94 186 139 181 196 9 174 78 72 199 118 10 117 193 3 99 130 86 83 110 127 79 153 184 152 141 58 44 143 113 188 11 16 26 66 55 137 13 24 36 165 51 15 149 172 52 28 50 159 190 178 63 101 191 112 126 169 105 67 1 2 39 20 34 53 47 89 163 12 30 103 62 195 133 179 92 97 121 56 194 166 96 124 129 77 76 23 109 90 18 189 71 35 161 60 150 160 170 111 46 85 5 4 132 177 175 123 142 197 57 37 95 64 168 80 100 136 40 68 144 22 135 145 7 14 122 17 25 27 176 154 54 171 65 61 33 6 48 180 106 116 134 151 93 114 70 102 155 69 75 82 81 59 88 42 187 19 104 147 157 182 108 87 164 43 38 162 119 74 158 98 21 115 125 131 173 84 91 73 45 138 198 167 200 148
110 135 136 113 95 62 132 148 172 185 37 126 22 147 66 74 145 146 52 109 181 48 26 164 143 131 79 28 133 171 82 162 151 105 7 153 200 27 53 182 76 10 78 155 125 115 13 188 35 142 5 86 75 16 67 178 106 55 156 2 116 12 144 123 154 1 59 190 34 198 58 117 68 169 187 157 152 36 60 42 104 87 129 73 107 92 70 186 195 103 91 111 6 33 18 150 191 49 89 137 166 94 57 45 97 167 183 72 130 30 138 17 149 139 184 90 20 160 46 180 8 81 176 120 44 161 196 24 193 159 170 23 192 40 163 158 3 63 102 31 71 43 175 84 112 61 29 197 14 93 168 77 124 177 174 165 141 11 41 83 194 100 122 54 134 25 118 51 189 173 114 99 64 32 199 98 65 50 47 121 140 19 101 69 15 38 21 85 9 179 119 96 128 80 108 88 56 127 4 39
85 180 155 122 142 153 79 58 14 90 131 65 165 138 53 160 38 101 24 57 21 86 104 196 105 94 173 157 82 119 187 48 51 68 178 17 172 117 108 200 31 181 22 134 185 195 192 139 61 67 88 37 151 70 126 186 176 44 4 168 198 76 121 156 167 123 6 40 7 80 129 100 16 54 189 45 170 8 194 199 159 109 98 147 128 124 150 63 23 177 42 10 125 193 52 112 12 39 33 30 32 75 163 34 18 179 175 59 132 13 190 113 74 72 144 71 36 120 89 149 183 3 197 166 171 29 127 77 2 191 35 5 73 9 1 102 115 116 93 66 152 97 55 140 145 62 83 111 106 96 84 162 81 91 114 154 184 41 87 130 103 141 47 43 27 110 118 92 148 164 28 107 174 143 46 161 146 64 169 135 50 49 99 137 60 26 25 133 56 20 78 19 188 11 136 69 158 15 182 95
34 165 105 103 155 76 145 188 193 148 95 19 25 117 161 184 118 170 127 200 71 64 149 128 109 80 1 181 82 147 78 15 151 48 199 9 196 13 107 101 41 144 77 108 94 62 2 163 61 57 86 198 47 35 139 137 110 11 157 42 10 111 123 56 84 136 69 126 87 27 17 162 58 191 115 164 91 175 102 166 30 133 171 190 49 152 142 167 112 154 20 172 177 122 174 50 33 104 8 36 129 31 39 130 106 46 173 45 169 21 183 51 178 43 182 68 32 197 143 92 119 72 59 192 65 132 24 23 125 81 26 131 98 186 99 75 156 28 93 146 100 18 3 120 179 70 185 73 16 194 66 187 135 150 97 5 37 124 141 67 134 140 53 55 138 54 85 6 121 116 195 180 88 4 74 189 159 63 14 29 22 40 96 176 52 60 12 113 38 160 114 158 90 44 79 7 168 153 89 83
128 60 195 200 30 111 25 8 5 161 9 132 141 127 69 93 186 44 97 77 34 80 125 38 67 32 96 193 175 55 56 121 107 152 27 90 48 164 185 108 62 95 45 139 3 189 42 51 176 191 4 150 168 86 41 87 18 36 144 114 72 170 39 112 57 199 151 61 174 31 155 105 70 159 190 59 2 33 1 26 198 181 130 184 148 115 88 40 54 178 23 19 188 20 85 73 180 22 99 6 103 71 160 122 79 66 123 120 50 136 68 166 142 82 58 91 15 12 16 94 124 21 182 92 131 192 89 137 65 145 149 52 172 197 7 146 83 106 183 35 140 47 29 129 24 173 154 37 163 14 76 109 43 119 74 78 167 196 75 49 13 162 169 100 143 171 102 179 133 63 187 117 116 28 134 10 165 135 138 153 147 157 101 81 98 156 11 104 110 64 118 84 177 126 158 113 46 17 53 194
112 172 19 89 188 16 26 65 163 137 125 114 76 63 57 175 42 98 184 95 17 151 70 113 11 38 32 108 182 149 37 133 161 109 80 25 138 61 14 104 94 159 129 21 92 174 166 84 131 173 10 56 71 193 139 33 29 6 13 180 99 51 167 143 189 68 194 154 58 48 165 64 153 118 35 126 178 40 195 142 24 132 78 97 22 100 121 49 44 4 36 168 9 46 116 190 183 27 192 117 72 41 141 93 146 39 198 185 170 96 53 105 101 164 43 119 69 111 115 59 81 20 62 150 140 5 103 122 123 87 85 169 45 8 102 88 152 30 2 83 130 77 79 18 66 73 52 3 55 144 90 86 12 106 107 197 176 120 7 31 1 50 75 60 196 47 127 171 191 134 128 145 158 34 91 160 148 200 67 82 156 110 74 181 155 177 186 124 23 136 162 187 147 28 15 157 199 179 54 135
54 16 3 134 91 133 145 128 11 33 106 30 131 7 83 189 26 61 151 164 98 156 18 12 2 48 5 166 182 119 36 143 77 97 172 79 20 96 59 161 138 124 126 149 184 35 130 140 95 81 55 1 163 41 118 38 68 180 193 6 4 43 65 64 75 49 112 93 103 40 192 57 174 168 111 104 129 15 186 165 108 169 100 191 179 188 88 56 107 89 197 185 9 50 62 155 71 32 187 31 196 76 116 127 69 39 113 10 136 72 42 135 102 200 105 52 170 66 198 74 78 45 171 142 22 109 199 123 194 29 122 17 176 125 148 84 85 47 167 94 67 190 58 60 175 150 159 117 25 154 24 177 146 120 21 137 51 86 183 92 158 115 162 152 153 46 101 110 23 14 99 28 178 173 121 8 34 13 114 195 87 157 80 19 44 63 147 73 181 37 70 82 141 90 139 53 27 132 144 160
55 70 177 193 86 187 188 12 52 136 145 6 18 126 57 108 67 195 28 56 114 1 45 139 200 149 51 78 123 97 13 76 180 176 127 26 30 115 42 104 82 164 71 90 191 64 41 171 144 170 16 25 50 27 198 32 132 68 53 60 153 105 62 157 44 110 24 161 31 102 98 162 163 182 152 15 183 83 92 84 79 87 190 178 151 65 17 11 137 141 4 130 181 85 7 119 111 75 138 81 8 34 73 101 118 39 96 77 89 185 179 113 38 103 46 54 43 150 192 197 186 66 59 156 159 100 154 88 14 80 20 121 63 23 134 167 133 120 72 135 184 21 147 29 95 124 146 10 9 94 158 140 106 69 129 61 128 148 2 174 168 48 58 91 196 116 142 173 131 175 47 160 109 155 117 194 165 199 22 189 112 169 125 37 5 166 19 3 35 33 172 74 40 107 93 99 143 49 36 122
140 176 166 103 104 95 131 160 55 191 38 158 102 17 61 180 75 60 147 22 11 112 77 165 40 111 107 21 130 178 37 193 88 190 2 72 53 80 59 78 152 138 161 125 41 168 133 45 91 156 116 25 101 36 85 13 142 121 150 49 30 54 6 44 187 12 8 186 39 89 132 69 172 195 175 93 105 164 149 169 128 118 196 123 143 96 179 129 43 189 200 35 170 136 109 1 82 84 148 64 182 58 137 33 94 74 108 10 5 114 157 92 183 122 124 127 28 163 99 70 185 14 63 144 167 51 79 52 126 181 113 46 68 67 139 86 100 98 16 146 19 42 66 83 110 71 117 20 120 76 171 162 29 48 145 97 34 155 23 31 32 154 56 153 15 24 159 7 9 197 65 73 57 90 115 27 135 26 106 4 18 184 194 3 141 81 47 177 174 87 134 50 151 199 188 62 192 173 198 119
171 111 175 108 75 19 191 90 109 172 144 78 49 183 3 22 18 137 145 146 42 9 134 165 136 184 150 40 166 74 105 178 155 10 179 66 32 174 104 96 94 88 133 188 116 143 50 51 8 199 76 160 48 100 118 127 62 38 151 114 102 200 119 170 147 190 82 163 69 99 14 93 59 149 131 56 91 129 98 120 6 139 132 115 61 20 15 169 7 164 27 85 112 60 29 65 177 47 80 187 68 16 185 124 72 1 54 196 39 101 106 81 161 123 64 92 24 77 141 89 186 135 197 156 130 58 67 70 154 53 33 122 176 73 23 46 138 2 21 125 198 41 97 26 35 11 194 113 43 142 95 182 107 37 71 192 173 86 189 181 195 55 83 36 140 148 31 84 103 87 110 52 193 57 158 153 128 30 28 17 152 44 157 117 25 79 13 162 45 4 34 167 180 63 12 159 121 5 168 126
125 94 131 67 74 155 160 140 52 115 183 162 199 37 3 28 129 53 20 182 178 17 33 102 77 30 168 40 174 78 73 141 164 138 181 198 13 71 49 158 113 190 170 161 89 44 93 167 179 41 159 14 124 32 10 82 8 103 166 85 154 97 139 185 51 176 177 59 25 98 111 81 38 96 69 61 16 68 88 63 58 45 163 108 175 145 55 65 35 46 151 29 144 90 75 142 156 186 120 132 31 43 18 27 100 172 133 135 91 192 83 200 197 150 6 80 60 153 50 128 148 114 47 87 184 194 66 15 137 21 54 70 189 157 173 171 86 99 19 1 146 95 48 104 36 193 117 7 180 118 42 79 169 5 24 165 76 92 34 196 105 191 143 22 62 127 116 26 123 101 136 109 9 130 121 11 12 107 2 147 39 195 57 149 112 84 188 64 110 187 4 72 119 122 152 56 126 134 106 23
64 94 127 158 52 34 22 185 164 13 152 46 165 5 126 110 99 88 4 162 175 156 14 184 170 80 90 65 44 149 71 200 98 125 16 97 198 81 117 112 31 134 116 56 17 10 73 102 133 143 177 62 141 91 151 70 20 59 173 3 167 179 161 153 135 26 111 60 23 146 35 180 1 83 49 194 43 68 190 39 27 108 195 77 155 18 107 106 21 101 93 54 131 28 121 157 124 160 100 196 37 159 105 132 181 55 136 19 119 197 154 8 120 169 168 41 63 25 129 66 12 86 186 58 109 69 150 6 51 72 199 50 15 84 24 92 172 57 103 166 79 189 142 36 188 123 29 87 114 145 163 147 75 122 76 85 130 140 2 192 176 118 174 128 104 7 32 78 137 191 139 115 96 38 89 187 193 9 144 53 48 95 67 113 33 148 82 11 30 61 42 40 171 178 182 45 47 74 138 183
71 109 48 52 51 162 165 192 60 182 63 156 72 159 54 113 189 187 18 121 143 67 53 35 148 190 173 172 153 94 124 116 117 84 58 32 74 146 41 147 184 128 104 197 119 115 110 64 69 23 103 7 44 29 150 38 181 122 77 152 155 120 158 178 82 1 22 130 175 28 68 166 95 99 167 141 168 65 21 46 87 194 183 19 12 170 193 139 24 111 105 126 185 199 196 2 86 39 9 112 131 16 61 138 76 66 85 102 145 14 26 6 160 97 62 100 3 10 15 101 98 89 55 11 127 188 17 79 59 171 33 157 31 8 179 45 198 134 114 169 177 80 90 123 5 34 151 191 118 107 30 142 174 135 144 49 57 129 40 56 27 42 88 106 125 96 73 133 36 4 37 91 149 137 186 200 180 70 78 176 81 83 140 43 154 25 47 161 50 132 20 164 136 195 75 13 92 163 108 93
163 124 24 129 41 136 1 97 54 170 133 36 66 141 182 172 12 10 118 29 147 93 107 196 89 121 69 159 156 175 19 48 105 146 75 169 168 137 143 194 33 82 164 101 30 3 108 158 2 11 113 198 58 173 115 77 166 145 139 193 62 16 43 80 68 53 83 96 55 13 176 192 179 45 47 191 6 86 4 90 42 199 151 79 138 140 64 34 189 157 162 21 142 95 61 74 177 135 71 119 106 188 73 15 150 112 50 174 148 154 56 63 22 91 114 39 100 132 85 167 23 123 144 59 57 49 110 81 116 99 200 111 9 5 88 67 130 161 186 76 187 120 127 134 20 25 78 40 84 98 46 7 160 18 14 26 8 35 183 181 126 65 184 28 117 38 180 131 125 185 155 171 122 92 197 165 70 195 149 72 128 109 60 32 104 153 52 87 51 94 17 44 190 27 152 178 103 102 37 31
171 96 115 84 157 60 79 108 121 154 49 37 179 153 192 105 177 7 22 29 40 46 97 162 1 13 88 155 58 91 95 189 196 180 198 135 166 59 113 98 2 187 190 73 174 10 90 76 44 126 138 129 164 114 45 24 118 32 191 151 125 144 27 57 147 195 109 14 19 28 124 99 173 43 100 142 165 188 92 64 33 68 75 67 156 175 140 15 31 172 51 12 182 86 181 143 9 186 185 41 11 131 3 101 127 93 6 123 23 71 85 36 176 102 34 4 194 35 21 26 169 116 83 163 56 72 200 197 80 63 8 50 199 30 150 104 61 66 42 74 168 193 53 17 82 106 159 183 39 62 38 119 94 178 134 16 145 112 158 137 69 120 55 128 148 48 133 161 5 47 141 117 132 160 65 103 107 52 81 139 170 111 77 130 78 167 20 89 54 110 122 136 146 18 70 87 152 25 149 184
198 194 156 88 104 15 125 76 186 57 21 193 69 100 115 102 70 74 163 170 160 109 172 65 90 98 5 184 85 62 167 143 129 30 151 154 173 86 72 12 89 146 36 9 93 60 200 20 196 40 71 135 176 3 63 83 46 134 174 66 132 131 171 78 121 43 7 185 136 10 33 55 50 159 139 199 18 61 127 11 120 75 181 32 145 80 128 164 38 4 19 53 24 54 112 122 94 150 28 77 113 124 195 49 191 96 37 158 147 105 111 25 27 126 168 16 166 87 180 142 140 118 99 56 138 92 2 31 137 149 190 39 157 110 175 13 44 68 192 119 23 59 144 6 58 97 101 47 95 107 169 51 73 188 152 45 197 177 123 116 82 106 153 34 133 64 41 29 22 148 81 79 161 52 103 1 35 182 114 162 48 183 165 14 8 178 117 84 189 141 187 155 108 91 17 130 67 179 42 26
75 159 163 197 51 142 185 154 190 172 178 174 62 138 109 89 18 72 155 82 1 183 161 139 81 180 104 91 124 74 22 57 43 115 45 176 152 119 188 5 36 4 105 102 80 192 158 54 68 9 126 65 140 106 196 160 187 19 167 137 191 41 133 156 149 177 60 169 87 6 79 76 103 173 94 93 113 132 77 130 35 61 108 58 98 26 66 48 168 86 46 17 141 88 166 95 56 63 198 16 157 134 97 129 37 184 100 50 143 27 110 3 193 189 111 99 31 23 33 52 136 199 78 122 71 194 148 15 146 151 13 164 34 84 116 12 153 162 69 117 123 179 21 8 40 83 28 96 101 175 171 7 85 25 128 64 20 107 170 147 135 2 165 55 150 145 70 131 44 195 73 53 24 90 32 38 29 186 118 125 144 182 92 114 11 127 30 112 120 181 42 67 121 10 47 59 200 39 49 14
48 84 142 73 130 141 77 46 108 1 59 97 149 10 13 24 99 19 70 85 53 152 134 34 182 146 117 18 31 143 89 180 42 82 95 115 128 145 100 184 195 22 129 113 181 69 11 81 120 197 185 191 167 36 135 16 20 131 106 51 162 32 39 72 26 154 98 176 12 94 132 91 88 47 172 50 151 17 60 153 187 150 165 65 144 57 96 136 25 37 200 110 56 90 58 45 103 80 64 15 61 161 83 186 9 71 41 74 55 133 68 8 92 147 160 157 105 140 87 79 175 193 66 126 156 139 164 75 127 107 111 27 3 86 14 101 76 52 63 116 148 121 179 114 40 43 189 6 109 122 177 119 171 170 163 138 194 62 38 124 54 7 166 199 29 49 188 35 33 23 183 190 174 196 93 158 159 78 125 198 169 104 178 118 123 168 44 4 30 102 2 5 137 112 28 173 67 155 192 21
56 164 41 138 109 121 198 163 79 23 60 35 61 42 29 169 33 186 170 68 47 146 150 152 62 64 102 151 97 140 123 14 173 91 189 179 54 6 27 98 143 49 193 24 13 131 160 120 73 132 167 77 25 137 9 117 99 199 194 51 172 19 20 119 30 129 92 165 1 83 58 178 7 145 46 135 85 48 157 141 65 55 111 31 34 139 184 4 153 21 82 176 116 191 71 66 12 28 37 126 67 17 95 161 158 50 147 174 5 11 142 192 100 185 180 124 177 127 45 90 57 84 125 144 80 70 156 53 115 104 155 72 154 89 149 78 148 190 76 134 15 168 10 101 16 112 43 103 81 87 175 18 159 3 38 197 8 171 133 118 105 106 110 200 59 108 136 39 181 162 93 183 96 69 22 44 195 74 88 122 63 2 107 113 52 32 36 86 94 166 40 26 188 128 130 196 114 182 75 187
28 127 64 71 138 89 58 142 82 92 45 132 35 98 140 161 169 112 88 149 26 190 62 154 120 166 198 164 184 139 14 104 182 5 55 30 86 50 160 51 94 131 165 137 48 38 143 110 179 113 66 59 17 99 103 10 21 146 195 77 109 46 2 200 188 175 93 53 183 20 150 81 136 19 173 22 121 170 15 135 33 49 196 68 4 54 158 167 44 106 63 6 177 52 42 178 171 176 57 186 91 128 27 101 148 111 24 69 85 16 3 65 61 119 157 67 168 156 172 74 70 129 123 25 185 133 83 163 197 7 43 162 72 114 159 152 102 60 100 191 23 84 39 115 153 118 130 36 34 199 97 87 116 145 80 187 124 107 12 18 90 141 32 1 126 47 56 73 180 13 108 151 174 37 8 125 76 78 181 79 96 189 40 134 11 75 147 194 193 29 105 155 31 95 144 41 192 9 122 117
69 74 133 112 127 38 196 197 144 139 142 31 108 40 136 19 56 192 37 194 41 10 200 84 7 49 146 14 110 52 172 149 6 153 13 93 87 123 167 151 155 53 66 185 68 50 24 128 195 80 62 177 187 95 58 28 140 86 4 158 61 44 178 183 94 59 33 198 165 89 161 107 34 174 109 17 76 9 173 176 125 160 113 71 22 99 188 180 181 15 51 163 26 182 27 78 189 115 103 117 152 47 64 30 121 132 104 39 81 79 105 179 191 164 134 156 170 186 129 96 29 148 57 25 120 48 60 135 147 46 100 92 97 91 171 114 8 141 20 21 138 101 126 169 106 45 3 2 122 193 35 5 85 118 166 184 83 63 190 116 67 88 82 130 157 54 111 72 143 36 32 102 23 77 18 145 137 42 12 73 131 150 55 162 90 98 175 65 154 70 124 16 199 43 168 75 159 119 1 11
35 169 146 95 84 83 165 191 20 42 51 46 57 69 47 34 166 120 68 104 11 125 128 132 58 37 158 147 187 107 141 102 126 116 152 168 190 142 175 173 136 196 96 145 56 177 71 153 41 13 94 185 10 109 135 193 23 5 93 24 74 53 134 52 148 49 186 62 140 192 90 30 176 1 29 64 6 59 171 21 130 54 39 79 88 73 127 43 77 164 129 89 121 86 167 118 188 139 82 101 156 45 55 163 72 105 65 31 8 122 155 151 170 67 2 137 38 44 179 40 61 123 200 100 70 138 75 143 92 112 80 172 182 12 36 63 48 181 124 108 91 66 131 183 150 18 4 174 28 50 85 133 162 7 87 26 110 119 99 117 3 160 198 60 106 197 195 103 98 76 14 144 180 27 184 111 194 157 78 15 114 189 33 17 178 81 97 9 16 22 32 149 115 161 25 113 159 154 199 19
3 8 141 118 175 147 195 62 7 164 193 157 173 44 74 172 94 42 88 19 145 139 198 194 90 167 50 186 89 31 142 15 152 115 32 1 81 40 77 9 24 73 125 156 29 184 71 134 28 98 176 6 106 159 200 123 95 129 117 85 155 107 80 67 182 27 68 99 51 20 105 146 143 75 148 45 37 86 2 112 93 18 78 25 169 187 181 132 165 92 171 26 104 5 47 196 16 13 113 36 101 108 111 70 189 65 38 130 183 191 161 34 30 197 23 4 190 136 140 185 153 48 53 144 60 58 55 87 120 11 59 91 114 188 137 35 22 66 160 41 97 109 79 56 102 61 116 52 57 177 10 179 103 149 69 122 127 124 135 168 83 46 119 133 128 199 174 166 100 180 43 17 192 170 121 21 54 126 150 131 33 72 162 14 64 84 39 76 138 49 151 158 12 63 163 110 154 82 96 178
66 68 72 151 128 121 91 131 76 154 62 87 97 156 114 175 20 40 140 139 149 35 171 89 195 158 105 25 176 67 47 61 57 19 12 184 141 125 130 157 170 63 162 127 77 93 166 5 98 110 30 82 43 107 88 189 8 160 1 168 26 180 55 190 167 49 70 120 4 187 96 197 192 33 22 58 137 42 65 14 10 183 16 143 153 136 200 188 86 38 69 81 36 21 31 6 196 172 13 179 150 145 134 50 124 56 94 147 112 32 54 23 109 104 165 79 182 39 102 92 159 90 45 59 132 113 83 74 194 11 119 144 185 199 174 64 103 17 115 37 2 198 71 118 129 52 152 148 163 122 111 80 186 161 178 100 191 123 108 138 34 29 41 101 106 84 193 3 133 95 15 117 181 135 169 75 60 53 73 99 18 51 48 7 126 155 177 9 46 142 173 27 44 24 78 164 116 146 85 28
164 192 121 125 123 34 111 114 167 59 196 135 177 137 22 85 150 47 15 73 130 23 39 166 112 134 173 195 71 21 89 69 19 105 68 188 116 46 104 101 94 88 162 51 33 109 53 136 200 147 120 9 14 10 63 126 13 61 149 145 90 1 115 189 194 42 156 93 29 74 7 70 186 157 168 142 113 155 37 169 67 6 41 36 99 180 151 77 178 193 170 141 122 20 26 38 198 48 129 191 11 80 32 97 153 119 165 40 16 98 79 127 152 2 91 76 140 30 148 131 66 182 58 75 117 143 3 133 146 124 82 159 86 35 154 187 183 65 44 138 27 128 78 106 56 18 179 95 72 185 184 118 163 100 158 81 103 190 45 174 92 176 55 60 31 110 102 139 54 160 49 161 144 83 84 28 132 107 12 181 43 171 25 57 17 172 175 50 87 4 8 108 5 24 199 62 96 64 52 197
161 122 92 137 72 195 108 81 70 87 33 166 120 36 61 157 52 55 133 111 88 106 167 140 29 101 46 91 44 17 20 75 192 141 180 130 3 47 139 135 138 147 60 170 31 16 142 182 83 5 171 149 193 62 177 6 11 77 189 7 115 59 41 57 116 34 25 71 146 78 198 28 58 154 125 80 186 26 18 136 48 23 155 56 37 84 127 68 54 199 148 13 176 150 22 1 118 158 185 134 27 174 188 168 45 103 100 74 82 14 12 160 143 113 194 53 94 187 76 132 114 85 69 191 128 39 89 65 110 43 152 183 21 175 153 24 30 181 162 169 159 163 196 67 38 8 93 9 123 63 64 109 164 15 95 172 131 90 200 112 50 42 145 173 32 10 105 190 151 165 197 178 99 179 102 107 104 126 96 129 4 2 49 40 51 121 184 35 86 19 124 156 144 97 73 117 79 119 98 66
27 79 104 36 129 65 71 182 117 196 123 7 87 46 75 82 11 137 145 85 166 188 13 61 16 6 153 140 70 24 152 113 108 133 22 4 80 58 144 105 86 31 161 18 107 54 181 20 187 68 3 45 53 52 197 191 175 189 39 10 172 111 158 73 119 19 118 59 81 2 51 14 155 67 173 47 88 143 162 168 69 94 138 40 185 91 109 41 17 48 121 97 25 184 149 98 100 127 38 15 34 131 148 56 160 101 194 200 192 198 195 96 92 186 142 183 171 77 135 74 151 29 146 43 89 102 179 126 35 32 167 66 57 199 165 178 42 8 112 28 154 150 55 63 62 139 124 30 115 44 120 141 78 23 128 33 9 130 147 134 37 50 177 76 99 26 190 110 90 21 157 103 125 156 60 114 174 84 12 93 163 5 83 164 1 49 170 106 132 122 169 176 159 116 95 64 193 180 72 136
86 194 109 107 57 8 175 100 60 142 2 4 200 26 79 28 141 81 171 59 64 50 133 164 181 115 40 49 53 113 76 18 48 190 184 172 20 10 129 134 82 128 7 166 130 183 73 198 155 80 151 66 37 103 29 35 43 19 178 163 34 106 61 147 162 139 91 55 140 70 137 127 65 144 11 5 33 88 12 21 96 138 125 135 94 41 136 173 1 188 89 77 116 150 85 177 16 84 121 108 186 67 199 158 68 159 101 120 145 72 196 143 90 105 52 24 69 154 111 117 169 157 192 13 17 74 160 161 187 99 47 170 146 123 6 58 131 153 32 22 30 156 180 95 189 71 98 119 23 176 45 195 126 102 62 165 9 63 104 39 112 152 87 132 31 197 46 122 92 25 15 44 110 97 185 174 27 191 93 3 167 51 56 54 38 75 124 179 114 36 148 42 168 118 78 182 14 149 193 83
171 5 77 78 63 83 129 51 76 197 125 21 9 107 127 111 39 59 173 34 196 160 199 181 42 102 124 72 15 179 43 158 88 60 117 143 140 48 54 157 138 109 200 163 186 49 103 194 19 56 50 35 84 154 168 114 24 198 80 75 28 4 61 46 150 131 148 183 190 152 101 178 6 68 170 169 185 128 1 184 167 182 52 16 149 162 161 62 18 66 87 146 2 134 177 165 96 106 8 74 22 133 31 94 10 11 115 119 41 99 53 116 12 110 153 188 30 187 130 92 121 144 55 122 36 139 65 120 91 113 166 118 108 195 95 14 69 172 37 145 40 132 189 67 33 123 104 159 191 89 47 100 82 44 13 175 156 180 142 73 147 90 136 25 126 151 79 135 45 192 27 174 57 97 26 3 71 58 38 193 86 93 23 164 85 17 105 141 176 29 137 32 70 20 64 155 7 98 112 81
143 133 153 199 161 87 200 37 111 60 46 57 13 50 56 10 178 74 98 27 78 23 140 146 63 185 149 170 118 21 160 93 122 121 119 142 165 71 157 38 116 184 120 173 164 163 67 43 58 83 166 195 168 134 105 95 128 151 97 59 18 167 158 155 172 70 1 154 114 80 41 32 54 45 176 196 177 15 39 117 174 66 8 62 99 44 156 107 109 135 150 53 180 7 12 124 115 144 139 19 190 188 5 52 17 16 130 20 82 81 76 137 25 24 79 65 198 90 147 104 101 187 148 26 55 106 86 132 68 30 72 136 48 131 152 64 145 22 125 179 75 191 186 3 197 88 14 61 4 159 89 40 162 6 193 181 34 100 129 103 84 33 127 141 126 175 31 194 123 183 171 189 9 85 108 102 35 11 73 49 29 51 182 92 2 112 91 36 42 192 169 113 28 69 138 47 110 94 77 96
22 189 116 50 15 37 66 45 74 172 151 17 107 55 96 80 4 68 32 98 92 52 120 167 181 121 136 40 21 90 104 171 111 77 166 65 160 153 9 118 7 170 60 148 180 28 95 10 5 13 39 168 26 199 134 122 88 192 73 83 87 47 140 63 25 177 169 59 24 155 146 62 19 193 158 130 143 173 51 97 86 157 195 109 149 27 119 126 82 110 101 84 185 128 187 133 139 85 159 165 33 23 36 200 29 46 106 2 105 176 8 123 141 79 163 194 93 197 186 114 91 138 42 198 125 150 81 89 161 30 54 64 14 164 35 72 38 11 183 61 175 182 58 44 196 142 69 76 57 78 67 191 190 117 174 3 152 56 147 41 1 48 53 70 156 103 100 144 99 131 113 188 20 132 137 127 102 49 178 16 145 12 75 34 179 71 154 43 6 129 135 108 124 18 112 31 184 162 115 94
63 169 98 33 51 96 135 13 66 9 112 145 141 35 160 49 97 52 26 36 21 77 171 14 48 34 23 125 199 186 120 60 87 40 67 108 57 16 194 172 134 104 56 143 139 153 5 80 111 183 118 4 124 28 79 2 147 25 10 121 94 117 65 167 190 88 83 187 197 19 182 144 114 81 45 8 15 130 61 129 85 3 146 191 152 162 127 188 116 148 142 105 166 75 11 106 30 133 101 151 113 198 119 71 54 122 195 84 103 132 43 137 102 149 53 89 62 55 64 41 156 50 174 24 17 42 159 154 72 164 170 18 123 115 100 138 82 179 150 185 165 68 95 128 70 177 90 176 78 157 109 47 163 136 181 46 39 155 193 22 93 31 86 158 20 92 73 189 175 173 44 126 29 180 184 74 168 91 38 99 110 59 7 58 1 37 107 131 192 76 196 27 12 6 32 200 161 69 178 140
35 72 39 16 147 110 66 183 34 61 63 51 77 119 25 1 197 36 68 192 187 184 171 143 79 107 82 71 127 45 75 136 179 133 26 199 54 135 32 152 188 146 156 29 160 74 193 106 126 117 186 105 23 137 37 18 113 99 85 173 89 94 7 169 170 40 180 2 118 64 128 10 164 31 130 6 56 47 189 83 141 58 44 122 91 78 67 114 108 19 84 112 154 30 194 140 131 11 60 88 111 21 38 5 176 145 149 132 76 4 163 100 174 116 121 65 95 115 53 172 161 87 90 153 125 46 162 185 138 167 129 102 157 92 151 150 195 177 13 148 124 12 22 69 158 9 52 142 49 80 3 190 17 175 139 42 73 62 8 86 200 93 181 27 28 196 50 198 166 96 14 43 98 104 165 168 81 123 120 178 20 155 144 48 101 57 15 159 103 55 191 33 97 134 24 70 41 109 59 182
149 92 173 156 31 57 68 84 7 144 171 172 80 136 166 91 100 163 150 138 133 193 129 161 189 153 4 61 29 62 197 66 183 99 127 141 73 11 36 44 198 123 76 12 63 118 142 114 35 132 23 60 81 178 147 32 148 8 128 119 33 113 83 39 3 194 139 97 112 27 45 78 49 151 199 54 25 192 5 13 107 187 168 186 58 1 174 34 53 87 15 170 64 105 59 20 115 41 191 95 96 94 130 42 19 79 75 86 162 175 26 134 182 177 2 106 50 74 126 176 152 56 131 167 101 89 69 160 124 143 90 51 43 145 184 110 24 158 48 67 157 135 108 116 77 21 104 71 18 37 195 46 65 70 109 6 159 14 169 179 190 93 16 98 154 9 146 185 181 164 38 121 40 140 10 117 72 30 122 180 55 125 155 88 82 17 85 103 52 111 102 196 188 47 22 28 200 137 165 120
135 6 52 30 89 171 42 167 176 142 71 20 28 61 18 94 192 165 72 103 91 118 177 117 76 38 56 161 5 97 48 80 168 66 198 187 146 122 195 70 140 162 183 57 17 87 113 1 35 74 151 120 23 22 132 92 55 65 114 88 43 109 184 179 116 185 131 189 141 178 54 196 194 78 197 139 145 63 13 51 27 47 64 10 12 200 105 37 157 95 16 77 127 15 159 75 125 134 124 19 11 36 129 85 128 99 49 164 153 123 93 199 108 186 25 39 29 115 84 144 137 46 155 81 152 59 126 34 136 98 21 8 174 3 149 175 138 24 53 83 150 67 160 31 188 156 26 60 112 41 172 170 104 45 100 33 110 148 14 163 158 50 101 143 180 111 147 44 86 82 154 133 193 40 7 4 9 182 191 62 173 107 79 68 169 69 73 130 58 96 2 102 190 181 166 106 119 90 32 121
169 97 168 10 139 178 98 26 89 67 23 95 12 158 57 33 193 140 132 34 199 172 113 152 75 173 174 157 114 177 126 21 87 46 164 159 118 66 25 40 117 130 141 134 49 165 93 106 191 62 104 35 24 84 167 90 154 94 15 188 163 147 137 195 71 18 2 78 29 4 14 189 119 80 59 88 128 127 79 124 86 138 11 100 45 41 122 39 121 13 61 176 133 107 44 123 68 69 5 184 142 194 143 1 196 101 144 161 37 148 74 31 50 171 42 77 22 58 145 16 54 36 6 197 64 103 7 129 51 175 149 112 108 20 72 27 187 135 183 73 186 179 60 180 120 55 85 150 190 3 32 81 38 170 181 56 19 63 92 48 198 83 47 30 8 102 182 136 166 155 76 105 151 65 131 9 200 116 17 162 96 91 146 52 110 99 156 28 160 82 70 192 153 109 115 111 125 185 53 43
171 26 160 107 198 124 123 76 46 106 97 61 6 71 47 21 139 191 66 164 53 162 104 42 82 60 108 194 128 200 179 50 33 174 100 19 185 3 169 133 196 166 197 151 173 115 146 59 44 11 98 17 12 2 63 155 93 161 75 10 30 58 163 73 112 147 41 89 95 177 153 65 24 85 1 114 37 45 181 140 158 110 96 90 92 87 51 145 180 101 134 126 149 9 142 35 74 184 105 135 154 15 32 83 188 186 176 192 67 64 78 143 36 77 23 167 121 157 25 137 156 193 165 84 7 13 150 70 113 14 86 131 138 129 102 39 195 111 144 22 141 31 68 91 170 183 122 8 69 48 118 5 62 29 175 119 38 187 148 79 43 109 72 18 189 103 52 182 159 116 190 94 57 34 28 130 40 168 117 80 81 132 136 152 54 88 27 125 49 99 120 56 172 4 55 16 127 199 20 178
133 58 132 124 100 43 31 178 83 62 118 194 129 195 41 10 48 150 173 185 189 153 47 162 141 25 191 15 181 22 66 119 95 139 108 109 59 69 114 102 16 112 127 9 6 51 175 36 130 188 138 27 67 183 64 30 115 98 44 70 131 21 121 200 144 152 84 166 24 60 142 103 96 156 167 168 54 81 123 106 122 104 145 105 177 187 40 77 184 34 13 52 55 186 82 87 193 46 61 5 154 170 137 147 136 26 94 19 35 197 12 20 72 99 86 65 110 171 198 113 176 18 33 7 1 199 172 91 159 2 79 126 14 160 73 56 165 158 4 76 17 155 125 78 42 143 75 163 39 120 38 196 3 29 74 89 146 117 192 32 157 88 134 149 11 49 80 182 107 151 101 85 90 180 68 45 135 116 140 174 161 71 28 164 97 50 23 53 93 111 179 190 148 63 8 128 92 37 169 57
168 86 137 149 141 153 94 11 184 143 200 63 22 14 41 126 199 72 10 76 54 69 88 136 89 19 33 133 178 55 97 56 198 154 180 79 29 90 3 132 92 183 162 166 167 179 188 12 82 16 87 47 70 128 170 81 138 129 102 172 159 174 43 13 186 108 4 117 112 148 103 42 17 34 139 105 74 24 195 197 49 152 146 98 51 190 120 110 121 194 151 150 96 135 20 147 23 9 66 50 68 91 45 176 106 65 116 21 142 36 59 93 189 60 192 46 182 57 193 85 115 84 83 5 39 144 191 100 181 118 73 8 156 109 107 119 28 99 171 71 95 127 26 145 75 123 175 187 163 131 44 62 37 165 6 38 111 169 158 113 157 67 140 61 48 124 104 77 32 15 101 114 130 7 122 27 53 64 25 134 31 155 196 1 18 30 52 177 160 125 2 185 80 161 78 40 164 173 58 35
130 2 142 94 82 72 24 171 96 193 181 43 152 132 106 135 173 184 191 40 158 81 32 25 51 61 42 76 34 63 151 153 70 114 23 172 47 174 12 155 150 44 105 192 182 123 145 37 99 124 112 27 134 1 38 126 162 66 83 59 28 22 13 46 196 131 57 143 163 55 89 156 111 50 7 197 102 125 189 78 69 168 4 186 3 30 39 101 56 109 84 141 157 120 177 164 160 93 35 17 149 71 11 115 95 169 188 127 45 5 118 98 107 90 79 116 73 104 10 64 167 138 178 117 166 195 119 176 53 180 16 86 52 67 108 87 9 8 68 121 29 199 15 103 80 185 170 62 148 137 20 74 41 179 183 100 65 75 58 6 85 139 154 14 60 190 31 26 77 133 33 21 200 198 97 161 110 113 18 36 144 159 92 91 129 122 147 54 49 128 136 165 194 187 175 48 88 19 140 146
45 199 192 83 130 31 198 18 69 25 104 20 177 13 26 27 1 97 184 185 50 66 152 169 55 145 102 155 135 39 43 158 52 81 146 147 154 153 49 108 65 89 188 132 122 59 86 126 63 195 116 29 200 115 159 91 176 80 149 4 186 123 144 19 94 178 164 64 76 170 95 24 148 150 41 71 140 129 75 143 166 138 180 82 62 46 141 92 105 93 3 191 57 23 34 131 107 73 40 168 197 78 118 84 101 33 85 35 47 121 172 163 51 136 44 38 174 161 187 11 124 189 103 193 2 182 17 183 120 156 42 67 133 109 119 74 100 28 15 110 112 88 8 56 68 87 7 90 139 175 190 14 137 111 48 162 194 58 12 114 165 98 5 127 171 157 173 16 22 77 99 151 196 70 9 128 6 30 117 167 113 179 61 10 37 96 32 54 142 79 60 134 36 53 21 72 125 160 181 106
70 23 132 142 43 84 160 119 48 45 8 101 154 171 3 75 86 57 164 35 188 87 77 90 146 112 27 111 179 79 126 181 102 163 120 197 51 49 40 107 37 185 95 168 118 15 198 174 151 47 133 12 29 143 25 157 42 80 104 103 159 1 191 140 182 116 18 147 83 106 73 123 176 88 94 6 166 78 165 192 127 109 38 31 72 52 139 46 195 158 68 66 100 10 110 187 4 186 5 17 13 96 61 92 71 180 34 122 125 22 2 172 24 26 99 161 189 64 128 19 65 54 53 11 16 41 44 74 67 36 175 153 33 137 170 115 59 124 144 177 130 91 178 199 105 114 62 30 194 117 60 93 155 85 63 76 173 50 69 82 113 134 135 121 196 14 136 32 138 108 141 162 148 129 145 58 20 21 167 98 200 169 9 150 97 56 89 183 149 193 190 184 131 81 55 156 28 7 152 39
196 98 193 43 65 144 172 78 140 119 59 123 12 16 66 160 64 136 107 112 191 74 35 155 133 199 185 40 6 109 186 99 47 87 161 145 22 156 148 61 80 52 88 170 83 149 108 120 195 100 163 188 141 4 115 69 175 190 14 177 18 153 187 104 183 92 94 17 90 102 105 159 60 113 103 55 32 42 58 150 200 15 174 13 184 101 70 46 77 129 106 124 118 157 38 165 135 24 85 137 62 45 181 173 75 152 146 116 158 89 54 5 192 164 27 79 166 197 9 56 1 28 96 93 180 67 122 168 189 34 182 128 48 125 39 121 169 51 162 97 167 63 3 151 143 49 82 178 26 171 10 81 19 132 176 71 86 130 41 84 20 57 21 91 30 72 36 23 68 127 111 179 31 29 76 117 33 134 114 110 147 73 198 95 7 126 2 50 138 139 11 154 8 44 194 131 142 53 25 37
141 16 120 15 66 2 87 169 21 195 38 23 140 18 88 186 115 89 54 137 37 12 146 156 17 69 158 136 191 194 114 91 152 192 145 90 154 65 46 93 193 127 176 116 112 113 84 167 119 138 49 173 157 77 45 28 177 147 47 149 55 36 82 108 60 182 31 180 134 95 196 35 1 153 86 197 5 164 44 104 53 33 126 8 111 161 67 61 79 143 183 100 171 76 200 185 165 133 13 181 81 163 43 40 150 144 131 62 123 117 30 99 148 159 74 29 58 14 92 166 128 48 122 51 94 174 3 98 63 175 179 124 72 105 57 24 110 198 170 121 68 26 52 118 71 178 160 132 109 83 80 50 101 151 25 39 155 139 189 187 107 130 19 20 22 172 34 103 168 97 32 70 9 190 162 199 7 78 73 41 11 125 102 129 27 135 6 10 4 64 188 142 56 106 85 96 42 75 59 184
13 119 94 158 88 8 34 123 35 10 148 75 9 21 131 159 93 15 64 198 14 108 147 6 132 76 5 142 29 128 84 164 102 62 77 12 32 30 167 70 133 81 101 166 173 114 53 69 112 157 140 117 200 124 116 127 87 17 105 135 59 126 96 103 130 74 192 172 26 193 175 48 109 183 143 97 191 129 137 47 170 23 45 106 176 113 146 63 195 111 136 19 92 36 199 22 28 78 11 149 188 67 154 165 185 91 169 100 190 51 151 31 182 98 65 196 42 61 86 55 57 171 162 177 7 125 115 156 83 186 141 43 37 38 24 155 60 1 44 54 122 168 184 99 134 33 179 145 68 197 72 56 27 40 152 20 189 139 174 66 104 181 95 79 150 110 73 71 50 4 161 89 58 144 163 90 194 41 153 120 160 16 187 85 118 138 25 178 52 49 180 80 2 18 121 39 46 107 82 3
53 94 131 8 33 77 199 167 141 41 135 39 137 97 55 180 91 32 68 10 126 140 154 174 87 13 19 9 25 149 197 59 113 155 100 43 147 62 166 192 193 169 26 85 150 189 92 40 29 143 138 190 93 161 11 179 158 89 7 115 132 123 110 78 54 148 2 122 142 108 181 200 103 157 42 84 18 61 160 116 15 109 86 60 28 125 95 66 124 35 194 65 101 153 102 37 112 117 175 151 127 27 73 188 20 191 121 111 5 186 184 168 136 196 134 128 83 99 176 159 75 178 63 183 195 57 170 67 76 139 52 70 164 58 106 81 36 72 46 74 98 14 173 34 49 79 64 21 118 96 56 3 44 6 152 82 48 162 47 24 30 165 119 145 23 146 120 88 31 90 144 182 80 1 163 185 105 130 177 51 156 71 12 114 45 22 69 187 38 129 50 17 16 172 198 107 104 171 4 133
42 113 66 76 64 29 9 31 38 16 125 180 139 168 130 122 169 156 6 117 92 37 183 178 114 115 70 159 10 68 140 154 27 72 135 138 18 165 148 77 22 80 132 81 197 90 71 134 120 32 8 3 157 152 4 28 30 56 98 127 193 167 124 91 44 145 190 110 185 75 85 171 83 131 69 43 150 195 173 58 136 15 166 174 149 146 160 158 111 86 105 170 144 142 108 155 65 74 17 182 118 184 164 200 163 13 94 116 199 11 104 60 14 107 67 147 51 196 23 54 34 5 62 106 133 50 188 162 39 161 47 99 87 191 192 198 175 12 49 128 36 59 20 102 1 129 88 93 95 194 46 57 7 151 126 181 19 137 177 153 109 73 84 103 35 82 33 100 25 189 119 97 172 179 55 101 187 141 121 26 89 41 123 2 96 143 176 40 63 186 24 112 53 61 48 21 79 78 45 52
9 89 8 172 55 42 185 152 133 146 142 59 86 166 138 83 53 65 115 76 29 62 91 1 198 153 174 183 123 40 120 19 177 32 79 181 93 148 35 178 151 102 157 127 43 7 94 24 179 18 99 77 14 173 134 131 36 193 97 61 163 101 143 23 95 15 192 28 51 180 16 92 136 116 49 31 104 196 37 3 150 187 154 46 128 114 75 80 130 159 121 113 140 126 197 39 161 68 144 117 124 125 72 169 81 11 135 171 170 52 33 176 188 22 90 145 27 64 167 110 60 20 137 106 45 41 44 88 4 165 100 85 108 118 74 17 141 200 149 58 57 25 82 119 69 160 34 107 5 54 105 2 70 73 47 184 155 12 129 162 182 71 112 56 122 175 199 13 63 139 191 158 190 67 147 50 30 111 189 168 66 48 6 103 109 78 194 87 21 195 132 98 26 164 186 156 38 10 96 84
66 28 30 12 35 60 71 179 117 111 88 165 92 56 82 150 81 192 86 185 143 112 174 39 3 120 170 109 80 140 193 181 151 189 25 51 64 74 49 54 104 23 144 72 145 26 135 79 33 87 195 133 1 70 153 128 65 14 55 198 122 159 172 186 69 84 175 20 196 136 61 125 78 21 40 96 157 183 48 162 4 37 147 115 156 5 77 36 73 127 90 58 108 57 126 163 116 132 101 167 141 158 91 59 10 89 178 200 13 177 130 166 123 152 149 44 160 173 47 22 93 15 199 97 139 106 98 68 38 27 32 110 188 187 103 94 11 102 75 16 124 113 7 137 31 138 67 107 19 99 180 134 105 9 2 18 164 169 41 85 190 29 129 171 46 182 114 155 63 184 119 148 53 8 17 76 34 83 52 197 45 62 194 118 42 50 131 142 100 168 154 191 6 95 24 176 121 161 146 43
129 6 96 153 140 165 55 38 2 5 8 52 131 132 135 33 91 93 76 176 164 12 100 120 45 170 43 7 35 194 126 92 84 107 48 80 4 79 104 60 145 124 151 163 175 102 98 58 166 53 10 95 73 31 169 108 198 184 136 74 89 75 110 141 113 67 71 148 189 86 99 42 20 27 94 128 101 68 103 90 158 144 28 161 155 25 106 118 88 154 116 109 13 121 195 143 9 23 192 187 61 173 41 182 162 171 97 191 57 81 40 199 172 87 36 44 32 174 112 168 39 83 147 37 185 62 133 200 179 127 197 105 65 1 178 50 160 29 111 3 77 125 56 139 157 152 122 22 114 30 159 51 19 82 14 193 26 119 123 149 150 181 180 54 16 78 188 34 17 49 24 72 196 69 156 11 46 117 183 59 186 167 177 47 66 63 64 134 146 115 15 21 138 190 137 142 70 18 130 85
142 62 32 33 139 159 137 30 131 17 188 22 154 176 104 80 158 28 40 27 141 4 167 85 157 149 190 47 8 119 41 11 49 194 78 107 76 105 127 57 45 114 111 172 197 109 7 178 153 14 54 92 61 87 91 46 166 145 53 170 132 165 133 171 70 184 34 90 150 122 179 2 99 50 1 38 89 168 3 94 68 146 44 101 148 24 130 116 98 20 58 108 183 56 185 124 25 163 79 60 117 135 161 126 21 162 187 198 193 200 180 10 182 9 82 43 74 37 186 69 134 42 103 128 65 123 129 112 5 96 189 13 195 102 110 174 31 155 192 66 160 51 86 152 118 59 120 83 48 55 115 93 81 18 36 6 75 136 143 67 140 199 175 63 196 23 144 52 147 77 191 173 39 106 84 19 35 121 29 73 113 95 138 71 88 164 15 26 16 97 151 156 72 64 125 181 177 100 169 12
14 74 44 75 23 99 151 67 50 199 200 138 58 35 143 86 196 81 111 169 63 32 87 51 110 139 73 27 166 189 115 85 56 65 118 25 197 48 149 198 28 102 127 88 159 55 125 38 176 30 157 178 20 119 106 97 90 136 148 7 84 89 129 52 146 11 162 113 72 186 144 124 177 158 62 150 137 109 187 173 154 161 105 152 1 194 78 18 57 69 132 60 116 15 9 147 160 135 140 181 13 21 168 68 175 170 180 195 70 6 185 19 172 95 163 61 114 120 43 122 101 4 134 174 34 142 183 156 104 79 53 128 8 42 184 94 47 39 153 141 45 179 41 193 96 76 191 16 10 164 36 40 133 33 3 145 46 64 37 12 83 71 182 121 100 165 171 22 59 77 167 112 17 80 188 91 26 103 108 98 2 5 117 29 131 66 123 93 130 24 54 49 107 82 192 92 155 190 126 31
153 163 56 65 167 198 23 200 64 143 55 63 114 161 129 138 113 178 48 71 155 81 123 106 12 171 169 74 192 80 132 180 187 174 164 4 84 60 49 69 24 195 70 6 185 34 15 82 115 126 46 11 38 28 119 144 111 189 177 104 95 3 73 35 44 92 85 148 78 124 99 30 61 14 190 196 67 87 2 42 90 107 162 193 20 75 16 151 186 36 179 168 45 134 182 191 166 54 128 105 101 160 32 98 21 62 19 127 53 97 8 9 77 173 188 27 40 86 147 159 175 10 1 184 121 150 18 83 120 122 108 100 176 103 152 72 52 109 149 156 58 146 26 41 96 43 157 181 139 93 137 13 158 136 145 39 154 135 91 51 5 57 37 50 131 102 47 130 22 142 112 116 79 89 183 76 197 31 29 118 59 194 33 140 7 165 110 94 17 68 133 199 172 25 170 117 141 125 88 66
74 60 195 187 63 120 156 199 133 9 96 190 191 95 144 123 163 94 35 39 107 151 198 87 167 30 49 135 130 33 66 5 105 121 61 43 58 186 152 137 17 116 88 41 100 157 197 132 176 158 37 53 140 27 67 153 200 114 55 2 16 124 1 192 28 78 102 76 70 179 180 4 36 20 160 32 6 129 29 119 189 73 139 109 14 50 18 126 46 168 127 19 34 131 171 77 164 99 12 142 194 112 80 51 145 69 110 122 38 72 150 183 165 40 169 25 15 3 154 22 21 97 174 159 57 136 44 148 125 193 52 98 48 175 81 104 24 170 79 82 59 138 178 86 23 128 45 90 181 83 141 143 54 42 68 185 84 13 115 71 64 91 188 92 65 117 8 106 75 26 85 162 177 47 146 56 7 172 111 161 103 10 134 147 118 113 166 89 11 184 101 108 155 182 173 149 93 62 196 31
155 190 135 53 156 67 77 86 18 195 161 61 21 84 54 124 63 137 177 66 59 142 41 55 93 49 171 51 90 27 141 174 130 79 158 76 103 125 150 29 198 132 43 193 96 189 10 39 75 32 109 184 118 186 120 110 70 7 199 62 94 165 117 16 5 99 187 74 179 101 57 188 140 20 108 114 28 69 119 121 200 129 176 9 134 87 73 4 40 147 148 95 157 149 1 22 107 48 163 173 72 143 191 3 133 68 13 97 58 196 11 82 83 45 30 26 52 34 24 12 164 33 113 172 183 160 145 169 168 192 88 36 122 98 162 100 104 25 23 166 153 127 178 47 46 64 50 42 106 136 182 19 31 159 92 14 2 81 151 139 37 105 131 180 60 85 78 138 80 116 170 56 102 35 111 126 154 8 65 146 71 185 91 175 197 38 181 123 89 15 167 194 115 144 6 44 17 112 152 128
114 105 44 66 20 180 41 149 38 47 132 141 145 123 18 56 61 92 32 152 143 71 200 110 178 122 52 67 164 183 182 168 1 50 194 73 196 76 106 39 43 87 121 177 115 28 68 5 175 104 93 65 102 60 162 170 197 134 31 3 70 133 169 188 158 154 140 16 163 125 72 120 185 129 94 167 199 42 69 24 9 101 21 153 184 150 10 29 171 17 58 90 6 51 108 117 107 77 33 63 160 25 36 166 109 54 186 89 142 35 191 84 192 195 130 173 116 111 174 187 88 155 119 113 34 86 80 64 37 40 193 103 96 59 190 159 85 62 2 75 30 146 98 156 4 148 127 53 19 82 57 48 118 26 55 12 95 161 46 135 131 112 14 138 91 181 99 78 172 8 137 13 81 165 45 139 147 151 189 23 49 11 136 15 179 176 74 128 79 100 157 124 144 83 27 198 7 126 22 97
8 75 110 143 64 41 194 154 112 46 36 81 101 129 87 88 97 174 171 20 136 69 163 155 38 169 198 12 196 62 134 55 22 108 180 178 148 190 79 3 34 43 128 49 132 9 16 30 144 72 104 13 191 153 96 78 113 168 199 135 76 109 63 35 23 102 107 4 192 24 56 67 149 21 139 151 90 26 7 142 177 39 119 84 70 14 156 165 51 193 150 188 48 53 71 157 115 80 85 120 130 160 25 92 28 32 127 68 162 18 125 86 166 187 47 179 50 57 172 94 131 124 114 54 52 121 181 91 33 103 59 106 118 11 167 77 111 164 184 42 66 189 45 74 182 170 93 138 152 40 123 117 89 65 126 61 116 173 158 73 99 147 122 6 19 140 175 183 161 58 31 146 100 197 145 1 98 2 60 195 27 200 10 95 83 186 44 185 159 5 137 133 105 17 176 29 15 82 141 37
67 88 167 196 76 138 110 85 148 194 183 42 117 135 33 27 144 99 128 164 81 120 188 57 197 136 19 193 24 158 16 106 78 36 145 52 149 129 187 104 100 137 141 28 1 60 54 124 92 175 157 13 186 166 4 8 40 143 105 159 156 56 84 59 73 131 97 69 121 163 12 31 20 9 48 23 10 32 139 96 130 15 102 41 109 58 173 108 37 63 192 154 34 181 45 125 179 155 53 55 162 66 103 182 140 200 90 165 133 171 142 178 116 61 26 49 161 3 74 168 2 80 119 112 17 153 71 86 21 118 70 191 195 111 176 68 79 62 14 43 82 174 7 134 199 132 50 65 94 185 107 152 5 127 91 169 75 83 51 29 39 101 77 160 190 46 18 95 22 87 89 146 172 126 184 115 47 147 150 113 93 198 151 6 44 123 189 122 98 35 11 25 114 38 170 30 64 177 72 180
12 72 10 58 145 191 33 162 1 6 193 177 134 131 113 80 57 161 88 106 47 34 196 150 114 174 181 43 129 153 187 50 60 154 32 186 96 125 52 53 137 180 118 149 138 22 144 18 87 41 79 15 45 75 90 157 27 147 29 158 5 83 69 66 70 48 198 139 165 167 179 55 121 178 160 155 190 200 54 142 133 67 31 19 38 100 192 185 9 14 46 8 86 101 107 97 197 109 169 78 63 25 30 135 71 132 176 124 64 117 26 152 35 122 61 51 3 13 28 24 76 20 172 141 85 148 102 112 188 94 103 39 98 199 36 7 108 99 37 40 163 143 166 104 84 119 120 105 91 11 44 170 59 49 140 81 126 77 128 95 123 92 116 171 68 146 182 156 93 151 82 23 4 115 173 21 111 159 183 194 127 184 16 17 42 73 195 175 168 2 136 62 189 89 65 110 56 74 164 130
22 94 176 39 127 60 48 185 40 172 75 90 69 103 89 91 35 78 116 85 154 96 10 178 80 63 193 121 184 74 160 100 56 24 119 23 1 99 88 137 110 55 163 13 177 200 36 182 45 132 59 57 159 19 61 146 2 26 43 139 190 25 197 158 65 134 87 79 124 86 140 62 29 183 4 72 107 106 30 34 15 169 58 27 105 151 111 150 133 54 68 164 198 192 162 113 104 101 174 11 44 131 47 196 12 187 149 191 175 142 20 18 122 129 180 17 118 92 93 170 66 156 6 126 136 128 147 148 9 141 46 102 145 112 171 179 188 173 168 123 84 14 32 5 83 33 42 181 152 51 157 117 71 28 195 114 189 41 143 98 161 115 199 120 95 21 108 165 167 8 7 186 37 53 67 77 3 109 97 64 73 130 135 50 16 76 31 194 153 49 166 52 138 155 81 125 82 70 38 144
170 165 40 142 17 159 83 193 111 147 136 63 120 33 38 156 157 154 137 18 115 22 176 81 67 57 188 105 174 50 169 124 79 21 10 139 133 184 44 192 68 66 30 185 122 76 24 121 69 194 46 106 87 32 45 186 91 183 54 94 160 113 42 143 58 117 138 70 85 97 26 196 37 36 112 163 182 129 108 164 60 135 151 125 110 134 51 92 149 171 162 9 62 73 90 145 140 35 130 89 75 179 31 180 12 15 2 23 61 168 102 88 197 82 158 27 103 141 175 34 19 127 16 116 5 99 39 6 107 72 150 96 109 49 199 95 178 25 41 98 114 181 148 71 3 13 8 1 190 20 64 74 153 144 123 126 43 200 101 118 84 191 128 189 86 47 198 4 80 7 131 56 65 187 59 161 166 14 119 93 78 152 55 173 177 77 146 52 195 28 100 11 29 48 53 104 132 172 167 155
15 46 193 121 56 75 23 9 20 167 122 174 138 107 14 120 51 195 165 181 26 112 198 24 68 67 157 95 166 16 143 111 10 100 99 22 71 128 81 136 74 83 94 34 170 38 168 190 47 72 35 52 145 153 93 135 173 115 133 73 189 172 60 103 17 182 114 194 155 161 159 42 156 85 132 124 179 177 98 32 186 175 70 188 169 12 91 131 144 163 110 88 106 118 113 89 119 13 69 97 123 61 154 33 4 45 197 64 142 63 87 6 160 151 82 150 187 80 55 125 184 137 50 44 39 77 164 3 149 92 109 146 116 65 18 152 48 196 31 76 8 5 7 158 25 200 54 78 104 62 79 19 37 127 199 130 1 49 40 117 58 28 105 90 183 57 101 185 192 180 96 84 30 126 86 176 59 43 171 141 66 2 148 27 134 11 140 129 29 108 21 102 178 53 36 147 41 191 162 139
1 159 126 175 2 137 15 57 44 93 142 46 173 83 14 118 27 12 169 119 155 121 65 91 79 84 116 80 40 128 43 5 129 45 89 76 193 166 186 41 141 133 148 127 100 33 74 102 75 39 146 20 145 149 160 153 59 26 157 24 138 88 120 189 151 154 54 198 90 114 64 37 67 170 21 176 104 105 192 200 134 58 87 156 25 162 164 168 197 56 8 107 34 139 47 99 53 97 117 32 22 73 113 196 124 187 98 185 66 183 86 19 10 174 110 70 81 132 71 50 167 13 190 125 62 61 85 49 55 158 172 82 177 78 152 136 69 195 29 4 131 16 161 3 101 35 77 38 52 60 11 144 30 106 150 165 181 123 194 184 96 191 115 51 48 147 199 42 7 31 36 63 130 103 188 92 171 68 23 17 18 109 180 143 112 72 9 122 108 28 140 163 95 178 135 182 6 111 179 94
42 188 162 193 67 9 111 147 129 26 33 121 104 58 4 24 180 155 48 152 136 5 82 113 57 145 98 60 195 62 76 99 68 34 172 168 52 198 77 194 61 40 54 10 133 72 94 84 114 7 109 196 181 25 116 39 103 177 140 92 43 89 157 151 105 90 23 86 59 106 179 182 132 120 16 174 169 160 12 21 91 79 171 115 50 22 137 41 185 95 3 20 102 46 125 123 74 78 107 29 30 135 56 37 153 148 80 44 15 2 8 73 85 6 27 55 167 175 191 13 158 17 35 144 190 130 189 184 11 143 197 161 178 36 187 81 100 112 122 28 126 110 14 69 51 108 170 131 71 150 159 117 127 165 200 18 1 173 141 97 32 65 19 156 66 38 88 138 118 146 70 124 101 63 96 128 166 47 87 163 154 192 64 164 75 186 31 45 134 149 119 53 83 142 139 183 93 199 176 49
30 45 173 103 68 50 83 113 82 12 55 29 4 95 131 56 122 125 91 19 77 159 75 176 28 86 58 180 151 47 70 40 38 185 25 53 163 88 106 172 129 167 97 73 149 33 11 27 64 87 146 26 84 54 153 107 171 193 85 34 192 102 62 81 52 110 63 79 148 1 188 49 124 189 168 157 15 132 144 120 114 36 140 111 127 31 198 108 130 7 104 139 128 8 96 155 3 152 169 175 22 42 2 119 32 137 117 20 118 191 145 164 71 138 194 16 178 196 101 143 35 156 99 9 165 92 78 170 5 61 141 184 121 74 46 14 158 60 18 134 43 80 105 161 48 72 182 37 76 39 197 181 135 21 65 162 142 160 174 24 199 13 177 190 10 51 136 154 133 200 150 57 44 41 123 67 94 69 59 90 66 187 23 109 115 186 112 126 195 98 93 89 147 100 6 183 116 17 179 166
57 122 112 191 28 174 100 47 23 46 19 8 198 105 77 12 139 200 92 110 157 173 13 150 178 185 155 153 166 88 137 31 93 49 146 98 138 149 41 169 108 163 109 135 45 58 117 30 165 176 167 102 75 143 53 159 17 83 65 78 188 160 4 52 151 124 66 82 35 128 162 170 181 148 36 67 184 136 68 42 81 171 145 72 74 116 61 48 79 44 59 156 179 15 64 87 22 60 127 158 62 94 34 5 21 9 1 27 33 119 129 55 186 114 106 103 190 121 152 54 25 140 2 39 126 6 29 101 71 189 24 51 161 37 69 147 175 97 40 177 172 141 10 182 187 125 113 32 133 192 95 73 84 89 118 86 104 115 196 193 134 56 131 7 16 70 144 197 195 3 43 130 80 50 85 183 18 180 11 123 142 132 91 194 154 20 111 168 99 120 90 199 96 76 26 164 38 63 14 107
178 29 123 2 130 186 156 185 106 34 65 170 197 15 173 196 72 107 138 55 96 4 38 68 30 140 164 70 169 175 114 66 57 144 52 13 18 59 88 165 195 63 190 136 161 32 6 82 198 111 159 12 95 100 49 81 98 153 177 48 78 90 74 105 145 77 142 64 184 157 33 182 7 137 45 141 51 21 47 112 61 118 181 133 71 162 125 83 108 53 56 62 131 117 151 143 89 167 99 37 163 93 113 146 187 180 149 16 129 8 160 5 115 91 20 60 124 27 134 86 40 109 102 31 120 104 54 103 76 79 172 116 122 42 200 155 176 148 58 128 25 132 199 67 119 17 36 73 19 135 174 69 28 126 101 44 50 183 158 168 191 150 10 193 85 80 43 11 23 147 171 92 94 75 35 9 46 121 1 14 188 166 179 24 127 110 139 39 3 189 192 194 26 22 97 152 84 154 41 87
163 145 113 8 125 29 134 126 196 18 87 177 43 99 84 39 150 184 42 48 133 112 53 186 135 191 67 97 160 45 91 103 173 24 88 56 187 178 32 92 169 182 130 83 106 109 80 146 26 72 7 28 139 51 64 114 121 165 76 41 49 118 124 197 166 90 19 181 95 78 3 193 188 25 50 93 158 192 164 162 36 180 159 104 168 179 69 65 108 44 176 15 23 35 101 31 157 16 154 171 9 82 153 89 70 40 37 98 127 47 115 148 27 144 132 54 33 190 38 131 22 34 94 96 120 199 155 6 123 63 143 21 110 4 52 46 85 100 61 30 74 142 137 55 128 14 79 129 189 183 140 195 71 20 13 111 1 172 62 175 57 11 170 136 2 174 102 66 149 59 10 167 77 68 116 58 198 81 60 147 156 119 107 122 17 161 151 105 5 86 73 12 200 194 138 75 141 152 185 117
120 161 44 177 51 75 193 112 58 101 119 2 29 116 131 129 59 89 181 103 33 110 83 160 23 189 111 57 19 4 175 114 99 41 152 5 184 198 191 97 49 185 173 144 54 149 12 85 9 165 96 168 127 195 196 78 132 65 39 42 92 27 46 16 107 134 37 87 125 176 45 38 158 156 50 95 56 8 100 147 64 159 74 35 186 123 53 31 66 182 117 17 91 178 192 118 3 81 113 90 170 169 133 22 43 187 200 102 183 124 143 34 126 70 52 163 137 61 172 62 115 130 1 194 121 122 153 18 166 14 69 157 167 108 146 11 104 162 142 174 140 145 151 139 141 197 71 13 60 21 150 55 148 47 32 199 86 68 25 30 93 26 154 155 135 188 24 48 84 73 7 6 105 190 79 128 180 94 136 20 106 88 72 40 98 67 179 36 171 77 15 28 10 76 109 138 80 63 82 164
162 60 10 19 21 179 93 176 96 22 183 182 12 132 128 190 23 180 2 51 196 77 47 133 167 108 34 11 140 39 88 192 18 8 85 98 129 92 50 137 177 101 143 59 139 36 82 102 121 48 200 186 178 94 67 27 15 9 159 145 7 147 45 107 56 30 184 43 138 127 84 120 115 130 175 166 87 146 195 187 169 83 154 160 157 188 165 76 148 161 124 55 40 14 149 25 62 109 44 194 54 156 105 89 144 152 3 20 185 114 64 81 24 68 103 173 79 168 193 86 97 32 141 33 172 158 31 28 164 6 104 80 153 26 66 134 95 69 174 199 131 142 150 99 125 61 5 35 113 57 155 42 70 197 123 189 52 116 58 78 90 117 151 17 136 122 4 110 46 72 73 37 74 29 106 198 75 135 118 181 16 41 119 111 1 65 13 112 71 191 126 63 170 171 49 91 100 53 38 163
4 123 82 73 155 130 47 196 63 39 65 168 8 48 13 185 80 20 27 142 178 37 33 138 133 199 127 42 101 149 189 200 61 153 145 64 93 83 21 128 166 183 106 5 29 141 173 126 186 121 148 117 91 167 150 14 176 195 32 172 113 160 163 88 136 86 120 105 74 68 152 11 184 151 81 10 70 119 66 87 164 100 98 154 24 67 125 18 104 84 175 62 72 132 114 197 95 30 190 157 89 124 15 75 192 180 135 129 49 38 52 26 3 140 99 103 162 139 78 174 131 36 57 102 187 79 23 109 115 56 144 169 85 134 69 191 59 112 146 107 158 19 55 156 22 28 108 182 137 165 96 44 2 97 122 181 17 40 111 77 188 94 53 31 9 35 159 58 194 170 16 118 76 34 177 54 51 46 12 60 41 45 50 71 171 6 147 161 25 7 43 198 143 116 193 92 90 179 110 1
5 29 115 125 42 109 48 43 179 90 162 2 65 4 137 27 18 152 36 177 159 31 192 169 73 107 199 56 57 150 10 37 116 70 15 26 167 58 180 60 91 183 178 194 196 92 66 30 6 111 50 77 128 132 28 157 55 186 47 170 76 156 84 171 127 119 21 146 53 40 86 197 191 117 19 174 182 87 108 52 114 118 85 49 25 163 149 64 188 155 158 142 96 187 175 34 164 141 102 124 144 113 33 51 16 168 103 35 8 9 17 24 68 184 82 100 122 99 3 101 46 138 143 72 79 110 78 147 62 54 105 14 173 135 189 151 44 80 94 165 95 83 59 131 69 153 106 61 32 145 161 104 181 136 71 133 93 23 88 89 97 63 195 1 13 190 12 7 120 112 200 176 121 98 81 11 160 129 185 45 39 20 134 126 74 123 139 148 172 154 38 140 22 41 67 198 193 75 166 130
184 114 200 92 67 122 187 72 23 182 6 116 46 71 179 124 110 174 186 193 5 133 112 146 183 111 121 192 39 160 17 167 168 126 52 42 159 142 136 59 87 69 95 26 170 97 99 2 41 163 85 148 199 158 171 194 144 47 55 132 157 139 60 149 12 73 113 147 125 36 155 31 98 19 65 109 21 150 145 190 103 76 143 44 165 96 108 30 131 38 70 14 118 74 123 68 115 101 78 40 197 141 18 45 180 79 138 161 134 198 80 1 137 93 16 77 106 178 94 34 64 90 82 61 43 49 89 63 4 33 29 107 86 28 8 7 188 48 169 3 172 153 129 119 175 100 84 128 130 22 20 9 105 11 58 83 104 35 189 127 166 162 195 152 191 51 156 13 140 181 120 185 117 154 25 24 27 37 57 102 32 81 151 66 135 50 91 54 56 53 62 196 15 164 176 75 10 88 177 173
157 98 169 84 15 33 150 91 184 86 46 21 70 124 39 152 112 9 190 103 131 187 151 7 48 185 41 63 129 34 168 31 189 113 146 128 179 167 92 180 119 6 71 143 87 195 44 174 89 49 106 26 10 154 101 36 182 22 81 194 69 79 58 197 178 140 45 1 193 133 18 177 163 148 42 107 67 186 93 122 28 153 57 83 4 191 59 16 82 51 20 176 198 126 90 120 53 8 72 121 52 56 111 19 118 127 29 170 183 100 173 24 162 138 175 137 25 110 102 80 73 40 114 65 132 3 155 199 85 172 64 99 94 38 139 134 23 117 76 97 108 104 43 66 159 164 47 147 74 188 17 149 145 192 130 13 156 5 116 95 27 14 32 158 96 166 60 55 12 105 35 181 141 171 123 61 77 88 50 115 136 2 142 78 62 30 11 75 68 135 54 160 37 165 144 196 109 200 161 125
47 39 168 67 177 186 65 23 130 121 54 94 8 146 79 119 161 48 108 164 82 43 123 6 61 103 96 183 75 153 90 137 176 135 111 107 71 32 196 62 170 35 84 80 85 81 44 93 181 77 63 148 128 152 173 53 124 33 167 163 56 91 4 188 195 180 118 40 38 10 58 28 116 16 88 140 74 133 64 98 110 109 66 31 55 29 143 49 200 198 78 149 102 197 139 27 199 145 11 151 60 165 187 45 147 22 92 169 41 178 12 190 59 142 26 25 9 125 69 87 68 120 160 3 138 189 131 18 144 155 99 122 126 24 159 89 141 34 174 104 36 115 175 42 194 73 158 113 127 5 70 184 57 95 179 37 106 114 150 51 134 46 105 117 14 83 19 156 162 76 185 72 166 182 191 136 97 192 13 7 86 157 50 172 21 20 52 129 193 30 15 17 100 101 154 112 132 171 2 1
107 54 98 131 14 156 48 88 119 196 7 121 162 150 113 106 29 197 72 53 191 91 149 138 148 142 15 164 167 152 43 73 25 183 2 18 172 75 177 153 187 168 51 192 35 42 3 195 13 135 34 21 136 76 63 120 32 112 28 160 96 40 55 20 189 67 64 60 99 129 49 141 80 154 24 198 26 62 50 125 52 114 188 157 46 12 57 186 126 194 144 118 100 161 143 165 137 109 9 81 71 66 79 95 184 124 193 17 83 171 65 130 178 92 77 93 56 70 108 181 30 155 89 78 122 132 103 85 10 33 158 5 74 111 174 69 11 179 102 159 36 145 45 134 19 39 146 173 68 27 115 166 86 170 169 101 23 41 84 90 58 47 44 22 37 139 97 1 94 4 38 133 176 61 128 182 16 123 117 31 199 104 110 163 185 200 151 180 127 6 190 116 147 59 87 8 105 82 175 140
19 118 76 153 117 196 73 39 34 142 128 96 15 64 194 170 85 90 56 30 25 82 66 91 10 109 89 65 92 189 63 24 173 93 131 49 179 138 32 60 70 177 18 81 127 134 53 33 114 98 183 4 119 200 78 143 52 36 22 9 166 11 121 45 155 71 103 165 1 62 17 8 72 149 77 16 97 139 113 169 181 123 116 37 107 145 135 171 164 3 6 41 141 55 152 159 150 105 61 54 110 80 120 23 154 158 112 26 111 106 115 14 59 38 42 122 40 129 161 47 108 12 146 102 199 178 75 86 51 13 172 168 182 29 20 132 31 79 191 2 160 184 74 125 83 5 180 157 99 68 133 126 7 94 162 193 144 28 130 58 188 95 156 136 174 167 192 151 186 44 195 185 100 187 46 124 87 197 48 84 198 176 21 67 43 104 88 27 147 140 50 57 101 69 148 190 137 175 35 163
192 157 183 187 70 32 29 176 139 156 150 164 25 198 117 160 1 120 46 13 6 8 100 55 15 142 161 65 191 104 177 108 149 121 119 58 64 50 152 44 98 85 36 76 154 167 93 38 155 21 130 102 90 11 127 48 196 40 110 162 147 10 89 116 129 122 178 138 77 180 146 87 189 111 118 136 166 199 197 7 51 14 31 125 103 112 185 66 114 80 19 105 5 153 20 144 171 131 145 81 72 182 96 174 42 190 62 123 133 101 23 59 86 12 91 67 141 61 172 22 69 4 148 60 71 92 27 41 169 68 107 63 137 3 97 16 24 79 170 168 52 33 17 49 35 28 140 45 56 181 195 194 74 95 43 132 94 200 193 39 106 75 113 115 184 57 128 37 126 159 151 173 99 158 135 188 179 78 73 26 175 47 143 109 186 163 53 134 9 124 88 83 2 54 18 82 84 30 165 34
177 192 114 97 58 23 2 46 33 71 38 31 41 73 91 106 65 32 159 24 6 77 140 108 17 44 164 111 103 87 155 30 139 144 50 82 99 28 110 37 117 187 168 57 13 75 93 176 200 43 115 56 104 157 148 47 40 98 158 162 191 9 70 167 166 67 69 86 109 81 131 60 53 59 179 189 152 169 80 180 7 51 19 195 138 107 193 122 88 27 161 145 188 124 1 105 79 174 25 66 95 183 181 62 172 175 121 4 194 165 150 76 160 123 22 125 134 20 136 3 163 127 119 116 74 170 112 151 196 89 197 118 186 83 21 100 154 78 72 5 52 11 16 101 137 61 48 92 132 96 54 90 198 146 130 129 178 190 156 184 142 68 12 10 199 49 141 14 102 94 35 26 173 8 39 34 63 133 143 149 36 84 182 126 55 29 185 128 135 120 153 171 64 85 15 42 18 113 45 147
19 177 119 121 69 78 154 101 158 105 174 172 107 61 36 41 97 70 95 193 12 44 164 51 198 183 86 169 149 103 39 46 68 54 96 104 134 65 159 166 116 2 38 10 199 63 24 142 148 156 115 77 35 108 145 130 11 85 75 186 120 26 175 13 30 53 4 27 112 74 66 200 137 144 136 15 118 56 147 167 18 187 62 132 140 23 194 126 165 45 87 76 57 102 9 80 157 161 48 58 179 99 131 64 52 47 163 3 192 8 151 181 155 125 91 196 29 191 83 81 129 113 135 21 138 122 133 82 88 28 73 182 162 176 106 6 110 111 22 114 195 43 16 72 127 143 60 123 42 93 32 170 14 124 173 160 40 20 67 7 188 34 79 100 197 139 84 141 92 109 49 71 37 31 117 59 25 5 128 150 178 33 89 153 146 171 184 55 1 168 189 190 17 98 185 90 94 180 50 152
67 193 124 161 165 12 46 145 176 132 123 48 93 119 92 169 25 160 103 183 3 192 141 149 171 19 177 50 163 108 173 55 90 47 195 131 170 121 189 178 33 99 40 44 154 114 97 94 152 137 166 139 187 184 84 116 199 43 134 179 71 87 147 106 95 59 190 98 118 127 4 143 89 22 34 198 191 58 79 167 73 75 164 130 117 133 27 24 56 42 23 186 175 35 74 188 100 158 37 63 28 20 155 111 194 14 38 96 72 126 49 54 105 16 88 57 76 60 162 168 83 29 136 138 146 78 180 102 196 77 148 129 182 11 45 82 174 64 81 1 70 157 142 140 61 68 6 10 197 32 120 125 159 115 13 30 18 7 151 85 80 26 109 107 185 69 15 9 5 122 36 62 135 17 150 91 21 39 200 101 112 66 113 41 104 156 52 172 51 86 2 144 31 53 8 128 65 153 110 181
88 191 61 37 63 179 100 95 182 143 160 99 87 103 78 150 76 199 89 117 106 5 96 83 173 113 80 42 137 121 25 85 26 60 33 133 92 84 184 181 176 136 48 169 180 15 197 27 163 105 11 175 114 155 170 177 198 132 141 115 38 8 54 135 10 165 178 71 3 134 111 147 68 129 62 51 120 18 56 6 164 30 90 138 52 159 116 157 74 65 1 17 94 161 36 53 81 190 185 174 167 21 19 124 14 44 72 112 2 57 9 20 40 66 195 35 4 55 126 34 93 32 189 50 186 79 107 140 193 146 75 187 102 118 28 148 97 86 58 73 125 46 64 142 127 158 110 156 29 168 162 23 196 31 59 91 151 194 69 13 123 149 101 119 39 130 144 109 154 43 70 152 128 131 41 183 172 166 188 104 153 77 22 145 98 49 47 24 171 192 82 122 108 12 200 67 7 16 45 139
45 127 43 193 124 3 85 61 92 190 134 152 129 76 52 82 10 5 117 62 44 6 14 115 87 100 105 185 112 31 73 59 94 89 136 132 65 118 135 46 181 26 111 150 128 9 28 60 156 148 188 110 165 71 50 20 184 144 37 177 173 183 22 57 169 157 55 116 40 2 154 126 78 176 86 178 137 151 56 79 121 36 95 163 182 131 23 200 108 166 191 18 39 74 96 168 120 4 7 186 63 49 8 125 170 42 34 75 66 145 17 83 91 53 143 41 54 174 51 104 72 99 167 69 77 107 175 16 164 179 122 19 30 90 12 195 171 93 123 15 47 35 32 29 13 81 196 88 172 24 155 146 98 130 80 113 141 102 149 64 159 194 158 109 189 68 97 161 101 48 160 84 58 27 199 106 197 114 21 70 25 38 142 119 103 1 187 139 192 11 162 140 147 138 153 67 180 33 133 198
91 17 66 54 42 196 155 146 112 125 135 67 76 34 186 23 188 75 165 30 194 140 36 62 187 52 143 128 12 154 120 85 159 145 31 156 108 121 56 177 77 147 1 126 169 81 141 117 162 73 64 149 176 172 106 93 39 78 3 142 41 71 74 118 6 86 50 9 8 185 198 61 107 178 49 98 197 104 166 82 193 22 113 83 157 152 200 173 57 101 11 134 170 63 94 110 79 69 175 167 58 168 158 25 18 15 10 195 19 184 139 131 116 37 48 130 40 179 55 87 5 7 163 181 97 103 47 180 84 192 60 32 174 80 171 132 161 95 44 90 119 13 190 99 89 111 150 88 123 59 191 136 53 14 160 29 38 20 109 43 68 105 35 115 70 183 114 92 153 148 45 199 51 33 144 127 124 102 189 151 122 28 4 138 2 16 100 164 133 137 65 129 96 24 26 182 72 46 21 27
33 75 14 155 63 17 91 46 179 21 158 85 159 175 51 193 100 121 19 68 112 82 148 182 110 166 90 147 120 44 125 93 20 153 198 57 47 113 78 164 176 137 28 64 191 52 119 145 73 104 94 22 74 186 70 127 80 102 59 161 115 187 126 122 26 174 5 135 106 157 183 107 95 18 88 163 195 105 7 111 76 168 83 131 84 140 96 162 31 142 37 130 144 48 25 185 11 172 2 180 118 92 62 87 103 72 86 77 178 108 194 156 6 15 49 56 167 50 67 89 9 3 1 114 165 197 24 4 30 12 32 200 43 55 13 184 133 190 54 41 101 8 128 141 29 39 173 192 150 61 134 42 171 152 58 143 53 34 69 45 169 98 139 181 23 10 60 97 65 36 116 71 27 123 35 188 124 81 79 16 154 177 40 196 136 151 109 149 146 160 99 189 199 66 170 132 129 117 138 38
122 59 5 126 68 15 37 84 49 140 128 176 169 151 42 85 199 106 22 50 28 168 54 187 185 39 25 26 46 123 88 27 57 130 16 67 133 51 166 82 177 32 184 102 72 138 77 105 40 73 194 162 114 137 55 109 69 80 89 11 30 150 188 115 53 44 29 173 9 96 3 120 64 112 79 104 74 1 90 65 108 200 161 63 174 38 45 155 14 17 147 172 141 159 91 7 58 124 179 66 43 62 113 116 154 160 35 56 18 52 129 157 127 12 193 190 71 83 107 103 87 70 13 10 101 132 149 99 76 135 164 24 75 198 180 197 186 81 131 86 171 119 178 36 183 2 142 21 78 196 98 48 144 148 189 167 92 192 34 23 181 33 61 153 6 97 182 146 20 117 93 47 110 152 95 8 94 19 158 125 165 170 175 195 121 31 145 163 134 191 143 111 139 60 136 4 118 156 100 41
75 194 139 99 195 183 85 45 16 32 17 125 13 97 178 31 73 161 48 61 38 162 28 108 123 53 1 114 63 3 100 154 74 115 159 26 78 77 142 188 94 109 172 148 145 129 44 60 186 103 107 50 98 117 181 189 15 167 177 95 69 102 135 141 64 6 200 42 79 116 187 24 27 21 83 82 11 46 163 150 128 137 51 88 36 149 131 140 90 43 7 105 136 158 101 190 49 157 41 155 156 110 127 65 126 39 33 92 29 71 171 25 58 133 96 5 56 70 198 192 151 8 68 54 20 118 112 87 62 160 113 93 174 176 170 18 47 57 104 91 40 196 86 67 10 193 165 22 138 179 197 122 173 132 182 164 30 121 72 185 153 34 89 169 55 184 143 191 106 120 134 199 37 166 59 76 84 144 80 147 130 23 168 180 66 124 2 4 175 81 152 111 19 119 9 12 52 35 146 14
124 79 175 126 66 97 32 164 36 111 39 112 133 134 98 18 68 11 54 108 154 30 186 52 191 180 95 61 182 47 44 107 122 179 176 131 46 132 23 58 27 82 168 190 136 104 128 7 22 20 178 69 15 76 116 167 67 83 146 161 129 138 137 120 86 14 144 24 103 102 198 41 99 80 64 118 81 145 84 156 2 42 43 21 188 59 184 192 162 172 29 48 109 75 40 37 185 148 85 28 115 189 150 142 35 65 195 199 169 135 6 187 62 147 143 50 70 10 177 71 106 123 117 121 157 170 51 5 166 125 105 16 158 151 100 93 155 38 88 96 63 89 92 140 45 197 57 25 77 139 19 174 194 130 193 110 55 196 33 90 72 1 31 149 53 4 78 56 160 74 101 3 183 17 171 60 8 165 94 173 152 91 13 141 153 119 34 49 181 114 26 127 12 73 200 9 87 159 163 113
70 57 117 198 159 34 39 52 155 195 99 31 11 76 19 64 162 77 50 51 142 107 56 83 84 190 130 166 35 191 143 196 173 65 124 163 101 27 6 82 186 193 125 174 16 189 171 53 179 158 148 59 100 72 152 73 10 45 194 105 4 14 41 5 67 74 176 154 164 168 54 120 15 68 88 92 160 63 80 109 132 180 8 116 200 175 139 17 127 38 79 137 144 146 106 177 140 113 97 93 22 161 122 131 85 181 40 136 36 115 103 23 197 75 184 185 128 167 71 9 149 110 78 90 104 157 69 123 61 87 13 199 133 98 151 43 121 182 81 21 170 86 96 138 55 150 129 29 28 112 25 145 94 169 126 147 187 32 135 188 18 165 156 26 44 111 49 47 2 141 58 42 89 24 30 114 1 33 153 192 7 183 119 66 20 48 134 91 95 118 37 178 3 46 172 108 62 60 12 102
173 70 175 134 36 67 123 148 177 1 180 120 194 23 48 57 27 7 191 63 163 17 106 121 109 144 9 171 110 124 14 141 73 155 182 198 189 128 160 50 55 83 25 30 130 75 62 2 195 102 65 135 137 54 46 185 5 176 45 179 138 91 61 170 81 32 92 76 188 196 47 24 59 37 116 98 127 181 26 29 158 133 151 96 85 165 161 178 119 122 166 172 105 80 88 152 190 114 69 6 82 103 197 115 13 20 87 174 183 90 72 84 131 169 126 187 86 53 145 28 33 19 38 12 154 140 186 112 35 164 44 34 142 117 43 97 153 3 89 168 58 49 79 51 157 111 113 10 77 66 74 149 78 16 200 93 162 132 147 22 40 167 60 99 199 118 184 107 95 143 104 94 15 129 4 125 108 193 52 21 146 39 42 101 100 159 18 71 139 64 68 8 31 56 136 192 150 41 11 156
168 73 22 183 50 79 90 75 91 123 124 191 40 33 100 18 63 61 49 16 169 174 132 85 166 152 144 130 134 121 112 10 101 125 86 38 175 143 3 11 155 70 133 122 26 171 77 45 141 108 66 39 2 28 81 13 158 142 162 120 12 182 76 94 23 180 161 131 149 159 67 104 199 163 9 176 97 20 129 6 192 36 113 1 193 154 128 190 42 119 52 56 172 17 178 60 196 186 19 138 44 53 170 89 184 126 105 110 139 194 25 147 157 7 165 87 145 84 200 109 181 34 59 197 65 156 114 111 46 135 93 54 164 160 72 24 188 179 21 177 198 43 92 136 127 173 137 8 5 27 58 118 57 106 146 116 15 55 80 82 189 30 107 41 64 51 150 140 167 68 14 74 32 99 187 69 31 151 95 185 35 71 117 4 62 29 47 115 78 102 98 148 96 83 37 153 103 195 48 88
154 70 61 115 87 150 117 125 77 151 65 71 85 113 108 133 152 147 176 136 193 76 79 181 111 27 11 22 153 186 101 195 107 170 6 60 39 173 99 55 17 53 66 3 64 18 21 129 25 103 188 169 149 200 172 146 199 159 19 163 124 160 43 106 185 96 29 162 2 116 166 75 16 132 179 30 165 89 196 167 14 36 63 51 35 138 69 15 83 180 174 62 93 82 158 50 7 139 171 168 44 80 119 49 8 140 46 194 148 192 81 88 120 105 92 141 73 95 184 86 72 197 20 33 135 78 97 28 5 42 37 157 56 54 38 187 145 114 84 164 123 104 67 137 68 112 127 183 47 144 143 190 175 189 161 191 40 32 126 4 26 10 98 52 41 182 31 128 198 100 48 131 12 118 142 13 24 102 121 9 90 130 23 110 109 59 34 58 91 57 178 177 122 94 74 1 45 156 155 134
97 129 2 44 16 95 36 22 77 65 152 178 120 109 114 75 71 151 13 90 177 193 107 68 17 175 149 67 81 78 89 20 28 69 27 162 94 161 11 112 105 135 88 198 144 153 66 156 125 14 164 15 196 84 115 9 192 42 199 93 96 138 6 57 121 143 83 181 141 190 99 163 29 130 127 133 53 3 116 169 33 5 55 123 50 26 106 131 101 168 76 58 74 191 174 64 171 142 154 70 102 40 51 173 72 194 197 185 7 92 1 62 157 103 59 82 73 37 195 139 176 186 45 183 4 150 46 18 31 41 12 38 32 165 47 86 132 158 49 179 85 98 24 30 188 80 54 61 91 108 140 172 180 136 148 87 118 8 100 113 34 48 155 21 60 124 126 110 43 189 56 122 134 145 10 182 117 166 146 137 119 104 159 111 184 63 147 52 200 79 39 23 170 187 35 25 128 167 160 19
35 83 178 24 179 132 142 86 6 76 161 88 113 22 8 157 69 40 53 36 32 82 122 37 52 55 199 192 97 31 23 21 103 92 159 162 107 158 99 114 188 2 66 145 125 59 17 62 112 189 20 89 197 131 98 191 104 160 65 54 173 154 57 175 183 153 48 170 143 171 117 141 96 42 80 111 124 190 47 180 136 28 118 140 130 126 128 1 61 163 81 176 75 200 25 101 77 91 182 110 51 43 60 94 194 15 100 18 14 46 138 120 4 139 7 127 29 79 93 19 9 119 49 39 109 165 187 72 177 11 167 195 10 168 172 121 87 95 106 74 50 90 133 78 84 164 12 166 30 45 16 34 115 147 3 27 41 64 26 184 150 134 137 185 56 123 198 33 108 129 85 152 13 186 38 44 144 169 174 135 5 68 105 70 148 58 73 116 149 71 67 181 196 156 193 63 151 155 146 102
1 175 124 116 11 142 25 135 78 31 88 191 174 91 128 66 153 119 86 184 156 26 39 55 62 2 199 36 63 196 22 192 27 23 190 164 58 79 84 106 4 43 140 71 127 159 179 154 29 13 68 145 161 16 10 107 151 131 155 46 74 178 49 167 98 73 169 189 130 195 9 166 138 19 96 20 165 69 30 100 193 50 108 90 24 77 80 97 111 102 200 150 152 82 83 137 14 158 141 185 112 133 172 93 168 136 48 7 38 17 121 177 114 143 92 170 132 198 99 129 126 146 104 75 176 139 122 162 118 76 33 12 34 70 173 8 61 44 125 67 182 148 21 149 54 95 197 45 15 64 81 89 123 37 183 163 171 94 117 110 32 18 113 120 105 65 188 57 6 59 181 53 56 28 147 103 85 180 5 186 3 60 160 40 134 35 52 51 41 187 194 115 47 87 101 109 72 157 144 42
22 92 163 16 135 61 72 40 65 151 118 87 148 58 184 191 31 68 2 106 199 9 88 17 36 177 182 127 183 200 94 26 160 71 167 181 198 141 125 8 33 146 113 185 109 7 108 12 77 63 168 165 126 142 62 103 112 59 123 55 89 35 100 189 14 27 25 13 180 111 144 34 155 101 147 91 153 24 38 80 23 179 95 136 32 56 30 157 172 150 86 137 132 120 105 156 28 53 99 195 10 15 190 171 124 21 193 74 134 84 159 18 170 104 161 121 158 45 173 169 11 140 162 20 73 187 197 175 44 138 122 145 116 48 69 60 107 82 41 54 110 102 196 66 164 115 49 81 19 90 130 186 96 3 43 194 119 70 4 85 149 154 131 128 133 129 79 5 114 78 76 192 52 51 139 1 178 50 98 166 152 67 176 83 174 188 46 97 29 37 39 75 93 6 42 47 117 143 57 64
9 45 41 18 61 99 77 94 3 48 156 63 179 107 198 64 170 93 116 19 173 122 82 154 75 4 60 177 145 143 101 26 159 88 196 187 139 199 183 110 49 74 155 114 66 55 39 136 124 86 97 67 33 43 10 120 172 106 7 78 175 36 184 98 14 87 92 83 52 140 126 191 11 53 62 28 117 174 96 165 27 150 113 30 138 193 59 102 163 130 69 123 58 95 8 197 161 85 22 171 54 21 89 108 176 119 91 71 190 68 32 35 23 104 118 149 81 128 133 13 178 160 129 127 147 200 70 158 144 90 2 16 1 44 142 152 109 111 57 15 6 141 166 51 132 167 25 135 148 72 151 105 40 115 121 24 162 146 131 125 168 181 185 137 65 180 42 194 12 17 79 5 182 50 20 46 38 188 37 157 29 47 169 76 56 34 186 112 153 31 80 192 195 73 103 164 100 189 84 134
117 159 174 163 116 76 11 72 80 48 120 9 28 119 131 50 30 179 26 19 96 124 164 61 110 12 54 100 93 172 89 45 24 194 127 63 87 107 182 47 7 141 98 135 40 160 195 168 55 20 31 169 156 74 43 56 13 62 140 68 57 189 136 29 181 187 33 151 23 154 8 133 105 134 86 177 111 18 144 21 185 16 190 161 92 51 138 82 85 22 146 2 41 176 34 4 193 129 38 49 14 121 147 75 94 52 27 175 81 67 59 198 162 32 60 167 15 183 143 65 126 142 192 171 132 123 10 71 104 73 186 66 188 166 118 1 150 125 102 113 17 78 109 106 37 122 69 153 6 197 35 191 114 3 112 70 155 58 84 88 42 145 199 130 158 79 53 115 83 36 25 148 200 157 44 99 196 103 95 97 101 180 39 184 5 173 46 128 170 90 77 178 139 64 165 137 149 108 152 91
169 143 192 2 183 16 49 171 44 111 98 59 38 146 184 152 158 25 86 91 200 199 145 108 62 27 80 75 104 150 58 159 23 163 147 15 166 174 66 117 54 119 149 39 20 57 50 172 173 52 193 4 196 115 6 68 134 132 93 156 99 26 7 114 120 139 131 40 92 102 73 167 130 133 72 118 135 181 116 35 55 21 64 178 87 19 82 194 141 188 170 24 142 17 51 164 95 138 137 125 90 122 14 28 45 94 161 157 18 11 190 63 1 41 126 69 155 105 106 148 179 22 191 140 127 186 77 197 84 74 160 100 151 79 128 67 187 113 176 56 61 85 3 180 47 48 46 189 81 36 198 112 89 83 30 33 37 97 10 175 43 182 103 144 109 88 71 124 101 12 153 154 34 65 78 76 70 60 13 32 177 96 110 53 162 29 8 9 165 107 42 121 136 31 168 5 185 123 195 129
64 82 94 87 12 8 174 142 198 2 150 27 19 127 83 164 40 95 31 103 115 24 46 149 183 25 16 14 33 176 153 180 65 171 68 146 60 78 104 1 133 6 61 159 194 96 125 156 20 9 106 41 152 93 120 184 192 101 90 73 29 113 187 141 111 170 135 191 178 43 63 119 144 86 57 169 117 59 39 139 129 36 50 100 158 197 37 38 67 85 53 148 70 11 99 190 21 107 179 88 161 188 173 118 30 193 175 71 77 69 121 15 5 89 4 126 151 172 76 162 7 44 116 34 199 131 166 138 66 35 200 54 157 80 167 102 42 97 163 147 23 128 98 72 75 49 195 109 92 28 145 155 26 13 186 124 58 160 55 84 105 79 114 32 189 168 17 81 48 112 181 74 3 51 185 140 123 182 91 196 143 45 137 130 122 132 10 110 47 154 134 165 62 52 177 18 22 108 56 136
180 104 29 94 72 132 85 87 48 157 170 36 106 53 61 107 10 143 156 7 67 69 115 20 167 78 126 14 41 175 59 5 37 17 74 192 34 117 19 128 22 127 71 25 88 98 39 171 108 2 30 194 65 76 131 152 178 123 149 155 40 121 158 51 103 83 118 186 15 105 112 24 100 182 75 176 113 165 168 86 99 58 183 166 47 12 56 42 70 191 151 1 91 8 80 31 46 197 135 133 111 140 93 66 45 89 28 134 177 18 124 97 49 125 154 68 101 163 146 188 44 116 9 52 190 60 92 55 77 196 141 139 73 142 145 129 26 153 84 136 16 11 110 63 160 90 172 35 79 122 193 164 137 64 199 21 179 62 187 174 32 173 102 33 50 82 4 119 198 138 130 184 195 161 23 96 57 54 150 181 109 144 38 81 95 13 200 120 114 27 43 162 147 185 169 159 189 6 3 148
43 118 95 19 139 172 173 93 122 44 111 23 177 133 153 147 56 91 178 62 65 162 75 100 88 160 26 39 49 115 71 63 87 176 14 194 128 101 47 77 184 38 105 83 167 76 48 10 41 7 20 181 81 141 40 4 104 42 73 116 16 50 200 193 21 119 110 74 64 8 97 86 36 150 168 175 60 114 124 5 135 11 143 89 185 137 170 144 22 34 102 18 145 132 183 24 3 134 157 123 25 165 15 80 112 78 113 92 120 13 33 107 2 58 154 98 37 186 140 187 94 155 66 46 96 84 57 121 53 190 164 17 129 198 79 52 9 171 99 28 31 142 197 180 51 69 151 32 126 196 159 192 85 61 29 90 182 189 188 195 158 72 138 130 166 45 146 1 161 156 169 191 103 127 199 12 179 106 148 6 55 82 152 59 149 136 30 117 70 174 67 163 68 27 131 35 109 54 108 125
74 52 136 149 67 36 166 195 55 172 133 111 163 118 117 77 10 99 176 30 169 109 126 128 132 5 14 125 34 142 196 85 135 124 78 66 90 26 96 94 68 6 57 156 21 179 43 137 50 113 170 80 165 167 84 89 171 62 45 69 154 70 64 181 159 108 60 91 114 160 130 110 13 41 46 54 82 27 88 79 187 95 141 58 151 92 75 173 161 97 143 162 76 180 123 175 102 2 194 83 12 112 47 148 17 184 38 190 144 129 106 19 134 146 32 40 33 59 1 183 185 152 104 71 22 73 191 138 29 177 72 193 65 158 31 48 37 164 100 20 121 131 11 98 139 53 28 24 42 192 116 188 49 23 157 56 119 7 199 145 186 182 63 127 25 16 174 81 155 200 120 87 3 8 150 197 105 51 93 147 18 35 107 101 61 86 153 189 9 198 15 44 168 178 115 103 140 39 4 122
57 120 108 96 8 86 63 153 28 154 91 129 25 79 46 182 152 181 102 15 40 175 35 23 30 127 9 148 83 19 47 61 190 184 60 27 162 137 21 14 68 143 125 150 179 121 78 93 53 114 37 49 10 183 197 157 45 176 42 105 90 185 173 170 67 89 122 168 118 193 145 167 164 134 36 66 76 195 124 7 98 171 100 198 135 55 163 172 166 39 158 174 142 119 144 80 151 113 107 94 74 99 177 87 123 116 180 26 178 88 18 128 165 20 81 95 140 73 50 194 109 110 138 200 132 103 155 169 65 32 24 199 2 29 62 117 192 75 64 97 133 141 5 6 16 149 56 54 1 85 92 4 160 126 187 43 17 44 3 38 48 111 71 82 106 188 191 58 31 41 130 11 115 70 196 131 69 139 72 59 84 51 33 161 156 101 52 136 186 189 147 104 13 12 77 112 22 34 146 159
124 32 156 140 24 52 165 60 188 99 200 83 13 112 62 175 51 75 90 87 180 138 88 107 135 169 158 151 72 70 166 38 154 162 148 193 150 155 66 10 67 152 178 149 58 134 168 160 122 79 78 147 53 199 44 176 137 100 21 61 65 182 163 71 11 86 114 77 125 20 133 91 27 104 47 195 31 43 126 190 111 184 194 82 98 54 161 19 123 139 103 6 127 49 40 109 94 29 42 97 56 121 131 64 2 48 179 69 34 198 4 181 12 143 146 55 81 95 73 17 116 26 186 171 96 113 93 130 8 167 118 192 63 33 22 14 7 105 110 185 15 173 45 119 16 191 157 102 196 170 145 172 183 46 187 108 30 141 28 85 142 36 144 25 159 174 23 76 3 5 117 189 57 41 80 106 50 164 92 59 120 35 84 177 68 128 18 129 89 136 9 37 101 39 1 74 197 153 115 132
84 114 3 120 37 150 69 28 107 113 9 59 48 53 70 137 20 118 88 25 75 177 72 125 35 152 171 18 179 115 63 56 81 156 172 43 195 98 99 101 106 159 22 34 30 41 121 178 160 82 146 33 131 116 62 117 147 44 170 49 10 142 57 194 86 197 54 183 102 163 135 105 15 61 189 27 2 145 123 132 122 109 78 80 76 143 153 77 199 100 90 128 162 126 8 112 50 184 83 94 180 13 19 158 31 167 55 68 124 154 166 7 52 91 16 4 185 174 130 93 175 11 36 96 85 144 191 95 181 24 47 12 134 168 89 176 67 139 104 6 138 196 173 133 161 17 46 149 129 74 151 187 58 198 60 110 1 64 119 38 136 21 192 140 51 127 157 26 32 188 165 73 71 169 103 5 45 148 66 182 42 92 155 65 111 164 87 23 39 29 40 141 97 193 190 108 186 200 14 79
93 152 78 20 147 58 128 127 79 107 116 195 140 119 177 45 171 86 53 113 72 199 156 118 68 191 110 143 46 85 25 24 189 88 7 181 54 97 5 168 157 62 139 22 36 64 188 154 8 145 170 75 33 60 82 158 146 27 104 192 103 81 57 16 176 164 1 106 12 40 73 43 193 163 52 133 169 71 198 61 49 111 165 13 132 194 137 41 95 160 135 172 14 39 131 174 122 175 200 134 70 148 18 184 29 69 80 196 89 96 90 187 109 180 21 162 190 34 159 153 84 136 130 151 161 185 26 56 3 123 186 19 149 38 77 105 30 15 83 23 37 179 63 197 112 17 92 114 100 6 121 166 67 117 178 142 98 155 99 10 150 101 32 42 48 102 55 35 50 76 66 167 44 182 9 129 120 91 94 183 173 4 141 74 47 2 28 144 108 115 11 59 87 125 51 138 31 126 124 65
102 100 72 62 70 154 140 164 184 161 198 141 66 15 52 191 39 126 22 71 105 6 69 57 80 75 20 138 83 29 21 24 98 174 36 113 96 50 40 73 91 49 163 155 9 85 14 95 146 10 63 94 153 180 108 192 177 152 172 90 166 176 135 92 44 64 60 117 111 162 175 112 81 25 41 2 33 55 58 147 160 11 131 74 178 121 168 170 120 88 109 158 1 151 31 150 43 149 8 23 30 132 169 51 106 156 34 130 4 127 157 148 197 182 61 128 142 190 179 188 139 28 200 187 46 134 89 144 122 103 54 87 185 18 123 37 195 97 159 3 35 65 110 107 115 12 77 133 143 181 116 38 104 173 101 67 86 45 145 42 13 189 47 196 84 193 78 19 76 199 48 5 136 183 79 82 125 26 56 194 171 186 59 165 137 124 167 68 99 93 32 119 129 16 53 118 7 27 114 17
177 10 191 26 32 85 130 61 44 30 128 126 110 112 49 66 131 190 189 42 36 158 87 154 164 144 134 171 31 147 82 14 184 13 23 68 52 15 38 120 93 35 138 18 78 40 117 182 122 186 163 175 176 136 194 168 104 91 37 180 183 167 95 142 6 100 79 53 157 123 107 77 89 101 121 156 1 124 166 160 86 81 80 34 63 76 27 198 108 96 71 94 59 22 43 83 162 129 161 92 173 17 196 55 105 73 99 39 178 132 45 151 170 159 135 74 169 125 12 153 70 24 64 98 172 133 60 33 152 179 28 137 90 149 181 67 84 185 165 57 139 2 143 62 111 114 155 145 41 113 29 58 148 97 72 65 195 118 193 187 200 51 199 75 9 3 88 11 115 50 103 21 56 5 119 116 19 7 140 109 16 20 127 188 102 174 197 69 25 4 141 146 106 192 47 8 48 46 150 54
181 98 23 162 174 132 40 54 193 5 11 105 87 200 111 131 106 62 100 136 73 65 134 94 141 113 82 29 176 109 97 139 130 28 3 179 71 49 153 135 12 38 184 156 129 44 79 68 171 104 77 112 6 10 120 56 125 48 45 142 95 173 83 137 75 164 159 57 67 185 161 39 117 78 91 27 108 13 92 187 84 43 168 46 9 116 22 25 8 127 18 119 163 143 85 21 198 74 1 107 30 183 58 16 123 190 146 90 19 14 196 178 126 167 66 122 170 133 148 61 36 189 55 121 147 52 93 180 150 165 182 59 155 140 102 144 188 26 88 115 53 175 177 47 99 4 17 41 72 96 151 80 118 124 20 51 103 128 197 37 31 172 35 158 169 157 81 192 154 86 114 15 149 191 24 70 69 33 32 60 166 186 145 89 7 138 2 34 110 152 195 101 64 76 42 199 63 194 50 160
119 184 160 176 66 188 2 120 158 100 128 38 57 22 111 99 40 16 81 133 136 144 117 141 163 53 183 199 109 138 31 118 20 122 86 175 67 58 97 27 73 14 70 55 116 43 50 87 84 64 94 13 89 110 72 196 152 59 85 127 78 34 46 177 157 51 17 121 61 8 135 15 193 36 52 146 189 145 161 19 129 195 54 113 130 153 186 76 166 12 60 39 174 18 170 80 187 26 132 48 32 29 155 134 98 95 125 10 179 30 92 140 6 197 37 126 62 9 148 25 178 173 75 185 7 108 154 88 68 1 103 105 192 11 114 147 172 107 149 165 156 74 23 71 63 42 159 24 4 162 65 151 49 106 142 168 115 77 171 191 91 167 137 28 3 90 47 200 41 143 181 101 194 21 96 82 164 56 79 93 198 150 169 33 124 102 69 131 5 45 104 35 123 182 112 180 83 44 139 190
171 199 102 80 168 193 161 104 109 180 32 167 111 46 188 137 192 41 166 197 35 21 194 98 106 198 56 185 157 14 68 18 116 183 15 151 117 170 90 27 24 16 19 2 25 91 200 177 61 118 22 64 156 148 136 94 176 37 85 101 119 123 96 173 8 160 73 125 191 39 48 9 71 52 30 50 154 60 196 33 54 172 152 70 162 187 126 105 99 28 130 149 67 65 134 140 38 13 153 53 82 83 63 40 7 55 132 34 10 195 62 29 121 75 5 103 107 189 78 155 163 42 31 150 93 142 12 143 139 124 81 135 164 59 87 1 4 17 169 112 133 165 186 120 72 182 190 184 108 36 97 58 95 138 76 92 43 3 146 115 66 147 100 129 51 86 110 89 174 178 181 128 20 175 69 79 114 57 144 74 44 11 47 179 77 45 49 145 158 159 127 23 6 113 141 131 26 88 84 122
70 19 91 65 29 125 112 128 150 96 13 94 145 190 141 43 28 80 195 14 185 156 26 165 133 2 153 127 67 120 11 168 62 17 84 64 177 72 115 61 189 146 97 136 137 75 74 33 98 157 152 171 47 71 5 186 139 196 63 192 51 10 45 172 32 163 66 30 35 194 176 200 148 123 25 57 151 178 9 23 93 49 110 58 54 161 73 155 37 15 3 89 77 82 104 39 158 102 99 87 187 135 86 88 142 113 90 92 27 143 138 38 76 52 22 34 79 134 182 106 55 69 1 179 118 95 59 24 119 60 149 169 108 40 162 126 41 21 197 46 50 122 4 42 188 18 160 48 181 101 105 8 114 173 140 20 109 144 68 16 117 31 167 36 183 180 170 6 83 164 81 7 103 124 191 159 199 44 175 78 184 107 147 53 121 100 12 154 174 193 129 56 85 111 130 166 131 116 132 198
61 127 80 112 60 103 22 144 146 82 179 7 114 78 181 54 147 174 51 122 96 42 92 163 14 148 151 142 185 176 182 95 158 161 188 81 129 150 43 168 83 153 94 160 110 63 88 39 30 115 25 119 123 183 156 13 10 27 26 67 90 111 159 74 64 97 126 16 19 70 66 184 106 93 177 36 124 57 157 11 138 33 55 116 137 132 6 40 89 18 41 100 102 187 17 190 199 140 198 49 79 193 191 91 105 52 58 73 178 175 24 155 32 47 59 164 173 12 75 131 128 53 28 171 113 85 186 194 37 195 3 46 21 2 125 134 86 65 180 98 192 56 69 72 68 50 172 197 15 117 31 62 189 35 136 9 143 4 34 101 104 121 44 196 99 200 29 152 109 1 139 108 20 23 71 162 120 166 165 48 145 87 149 169 130 133 38 118 5 170 8 84 135 77 76 167 45 141 107 154
97 71 118 164 29 129 50 192 10 76 106 162 54 37 88 36 195 51 16 172 166 171 178 28 144 110 115 35 41 124 87 160 12 6 27 100 81 23 108 57 60 42 125 177 82 179 105 74 7 26 148 174 92 141 173 126 122 15 137 167 46 131 85 152 111 95 163 149 153 113 62 191 198 68 165 128 139 58 89 181 47 61 11 1 93 69 94 186 114 140 70 161 17 169 98 72 138 188 14 190 102 55 63 146 183 109 107 44 30 24 67 159 20 130 91 80 43 158 117 151 150 90 175 86 101 185 21 197 99 170 184 147 34 121 39 199 196 133 53 5 31 168 200 19 145 73 9 59 79 187 38 194 120 176 77 75 18 2 8 3 104 33 40 22 154 49 136 155 52 84 25 180 156 65 134 13 45 135 66 64 32 78 4 112 96 48 157 116 127 182 119 132 143 103 123 189 142 193 83 56
110 14 24 16 79 157 74 5 171 199 96 87 90 77 150 41 29 144 22 174 117 46 148 180 18 172 53 120 159 134 104 181 196 38 40 15 160 35 142 72 68 45 149 105 84 136 115 65 47 100 158 175 28 97 164 93 113 193 61 59 194 86 55 34 39 60 151 8 26 191 54 130 182 75 200 56 37 109 12 44 123 187 42 108 118 190 125 167 57 85 153 154 197 36 112 52 128 198 48 163 129 6 145 95 195 170 165 51 49 76 27 88 133 139 103 11 176 185 147 179 146 119 78 32 98 135 127 71 31 132 82 80 4 63 3 73 141 184 122 126 13 102 30 64 94 101 70 67 116 186 25 168 140 161 173 1 131 166 189 183 155 10 66 50 99 91 69 21 89 152 138 43 169 62 124 23 92 143 177 9 162 188 19 156 20 83 106 121 178 2 17 81 58 33 107 137 192 114 7 111
128 32 46 57 66 200 156 86 132 110 129 116 71 54 155 169 138 98 146 117 20 113 50 79 136 131 37 10 161 27 29 49 134 89 135 23 25 40 88 43 120 106 53 150 109 33 90 139 175 67 119 39 151 158 198 170 91 9 65 41 190 52 195 42 38 172 45 144 92 81 127 69 7 157 187 24 74 185 30 93 77 153 73 124 59 26 178 44 145 171 3 18 160 149 152 142 31 95 8 22 126 104 188 112 28 111 16 189 167 80 143 166 35 55 82 118 12 83 177 68 199 176 6 48 141 107 140 62 130 102 11 61 101 14 85 13 103 133 180 56 196 115 165 96 162 5 78 184 173 99 181 4 60 192 1 97 168 84 64 47 163 34 105 182 125 108 193 148 63 87 147 159 19 100 75 17 114 21 51 164 36 191 197 137 15 179 186 194 76 72 183 94 70 123 122 2 174 121 154 58
67 103 85 37 23 111 144 36 49 106 75 45 33 131 44 116 90 129 154 126 136 41 39 100 69 197 57 200 127 155 138 191 188 145 185 178 125 107 9 198 10 22 35 148 170 158 137 124 65 29 11 187 95 157 167 194 151 30 58 132 105 26 53 139 80 119 74 87 6 93 38 52 27 177 150 98 182 121 28 122 153 56 47 117 4 134 133 73 13 83 193 101 196 70 12 143 61 62 165 160 195 172 99 183 60 88 48 1 123 180 179 72 86 168 159 64 156 92 42 173 141 31 71 161 149 50 43 110 142 192 77 112 102 21 32 118 140 166 120 82 169 55 184 162 97 15 68 146 114 79 84 152 63 54 20 78 66 46 190 181 16 147 176 135 89 14 171 81 25 128 109 24 163 174 59 113 18 2 175 189 96 19 7 186 130 94 17 91 51 34 5 104 108 40 164 199 76 3 115 8
68 31 185 75 4 30 168 3 47 13 115 29 194 113 118 163 126 26 128 16 197 176 71 148 84 159 23 24 105 69 49 12 45 133 80 190 59 60 50 150 180 195 100 131 124 42 99 51 95 79 106 11 149 153 7 147 17 64 15 125 62 151 87 38 171 137 19 88 152 181 72 155 135 182 65 175 98 92 36 136 90 134 96 89 28 67 139 27 76 199 183 140 41 145 58 144 37 191 132 169 138 109 178 164 82 46 85 66 104 25 192 91 189 6 121 2 21 167 170 196 108 158 119 186 179 193 157 117 110 43 166 94 141 198 5 70 174 34 154 162 122 10 22 74 35 78 129 44 81 86 165 97 61 14 93 143 54 187 200 188 123 77 103 102 9 130 107 20 53 56 172 120 116 127 33 39 161 111 48 40 173 55 63 73 101 184 1 8 32 57 142 52 18 160 156 177 146 112 83 114
77 24 150 51 78 43 74 166 136 109 135 64 94 121 29 21 129 60 118 48 65 151 81 11 176 195 153 172 112 122 200 113 156 73 28 131 117 63 5 59 177 145 15 190 163 35 198 47 149 45 80 12 4 27 97 93 96 157 197 158 183 161 57 71 25 87 32 137 115 90 6 86 41 30 89 3 55 168 53 143 178 144 19 119 106 123 181 76 187 9 167 39 98 125 191 14 42 126 133 49 171 10 46 8 88 38 17 164 111 54 104 175 67 44 58 68 184 174 180 162 36 56 61 33 23 124 155 91 127 141 173 142 152 128 85 72 105 130 116 82 92 83 108 26 2 34 182 193 22 107 37 147 16 199 194 31 102 189 40 170 159 1 62 139 50 196 146 69 160 114 110 132 84 7 101 70 138 154 185 120 79 103 95 165 148 66 186 192 52 188 20 179 99 13 134 100 18 75 140 169
77 39 100 96 103 98 127 142 155 143 153 6 23 9 61 119 43 56 187 183 125 195 133 7 101 172 16 14 53 26 135 196 17 45 66 146 51 110 78 84 63 198 35 104 21 116 46 166 163 37 194 106 15 159 10 2 189 33 152 64 8 168 42 124 79 171 144 31 81 75 3 122 107 160 73 181 117 114 19 105 20 179 178 192 190 68 89 48 175 88 149 85 130 76 173 138 50 151 90 165 57 13 27 67 177 62 54 180 123 184 97 156 92 162 131 148 47 126 95 4 55 115 22 29 99 199 32 139 108 28 71 102 82 34 140 129 182 52 41 176 69 109 132 18 188 30 94 93 170 112 137 74 121 118 113 145 25 59 11 40 80 49 120 191 157 72 134 86 185 154 136 91 24 60 186 167 38 70 193 158 44 1 111 169 36 12 141 161 150 87 5 174 65 200 58 197 164 128 83 147
76 167 11 174 113 33 32 82 52 118 18 56 165 142 138 110 74 1 24 19 16 107 120 77 119 70 168 91 177 116 180 20 92 136 184 97 73 98 65 143 3 90 181 50 55 93 197 170 96 156 158 166 4 182 51 109 15 72 49 64 45 128 199 172 84 102 9 75 150 14 27 69 125 48 163 191 169 144 36 121 160 189 80 62 195 196 83 17 192 186 87 129 41 88 188 137 115 200 127 105 185 85 22 99 148 95 149 145 193 179 153 161 89 46 44 25 29 122 94 101 67 111 190 79 66 59 42 154 108 133 81 63 12 147 78 112 157 71 58 60 151 37 38 124 57 34 117 13 31 10 159 178 2 126 7 35 131 164 100 134 139 146 187 26 140 194 23 86 173 8 155 171 162 30 47 28 175 183 152 61 39 21 103 123 176 5 40 6 135 53 106 114 132 198 68 130 54 141 104 43
167 79 132 34 153 105 47 127 6 108 88 110 192 173 123 19 106 152 56 124 57 184 11 43 200 41 189 147 67 117 80 174 140 193 158 104 29 14 183 51 176 186 40 53 161 169 44 65 171 68 3 12 159 187 84 48 135 9 129 5 61 28 160 70 194 16 168 93 49 148 25 15 162 103 146 74 81 164 55 20 142 26 197 82 155 118 134 102 175 188 4 112 58 63 139 182 72 33 76 196 8 90 50 62 149 36 39 98 180 133 119 37 107 83 126 71 137 52 13 86 143 177 136 115 21 122 2 87 1 114 17 109 30 69 125 22 73 92 157 32 46 151 156 121 99 75 163 178 120 7 100 111 195 64 138 66 89 141 18 96 97 24 77 45 166 59 190 165 78 185 95 179 85 23 145 35 10 198 144 101 131 27 60 113 199 38 172 191 154 42 181 116 94 128 150 91 31 54 170 130
120 184 15 114 118 100 82 95 50 52 131 145 139 19 197 161 45 44 94 158 35 149 23 58 81 183 169 31 73 91 153 132 3 61 162 179 79 154 129 5 16 130 110 104 144 188 72 200 80 177 4 119 49 148 78 20 116 21 127 117 26 43 102 6 174 123 10 63 109 198 136 53 160 87 175 128 192 115 168 107 85 108 27 40 11 105 143 69 195 8 135 140 48 122 193 167 25 155 13 55 166 84 194 57 32 151 42 133 111 38 2 89 112 189 9 28 178 106 134 142 67 172 147 76 101 90 34 30 171 180 39 51 75 152 96 22 173 71 93 65 159 60 62 121 170 182 59 138 137 176 37 124 103 185 66 74 70 54 17 88 181 46 1 83 196 190 7 12 156 77 24 68 199 113 125 47 164 41 187 186 86 163 157 191 165 92 150 146 18 56 98 33 126 64 99 141 29 14 97 36
180 165 17 1 91 51 135 127 88 146 31 67 139 42 112 192 102 184 118 68 119 191 6 3 40 130 4 101 196 69 117 65 122 174 167 183 16 93 44 188 100 27 62 116 70 22 15 84 161 98 28 156 49 18 160 115 57 19 11 24 128 38 123 108 76 29 132 95 99 14 39 83 159 169 125 105 134 21 87 198 121 182 141 90 136 92 155 111 89 43 166 52 131 157 107 80 120 179 142 193 71 74 85 176 113 81 61 140 181 154 149 124 32 175 126 104 152 7 173 23 185 170 147 138 144 75 178 153 2 110 114 150 77 194 129 177 78 56 187 143 73 106 86 162 63 41 55 164 172 189 47 94 45 59 50 26 148 58 163 79 137 66 54 30 20 12 158 195 8 168 36 97 96 13 46 171 48 34 199 60 82 9 10 72 186 35 33 197 133 200 53 64 109 103 25 5 37 145 151 190
178 67 41 66 163 171 115 57 189 93 108 55 120 135 9 127 186 33 185 113 64 151 157 181 139 172 21 47 10 1 13 137 42 56 40 46 130 70 84 68 95 187 17 49 134 3 19 7 69 62 44 191 117 150 60 148 27 177 94 146 116 170 162 30 82 125 126 79 35 144 52 97 88 45 179 78 192 123 153 103 155 85 133 112 29 149 183 4 87 182 176 80 12 166 73 197 92 50 90 175 136 24 15 110 11 86 65 195 193 106 141 28 160 39 81 131 180 111 75 96 18 59 14 199 159 105 118 53 104 89 196 100 161 37 72 83 48 154 114 77 174 102 74 32 165 31 167 147 190 99 36 143 5 142 124 109 198 71 184 2 43 194 16 98 34 122 54 128 6 63 8 23 119 51 168 132 200 26 22 129 173 58 91 25 107 20 169 140 156 158 61 164 152 121 145 76 38 138 188 101
197 48 8 27 107 181 148 84 72 89 17 57 97 164 178 3 130 105 104 86 113 68 73 158 58 66 169 69 121 151 13 59 163 6 65 12 195 61 190 185 187 14 160 94 99 29 133 116 106 81 41 38 93 87 153 4 115 62 70 154 19 117 177 144 46 36 60 88 63 102 47 18 1 100 189 120 149 175 108 44 103 33 167 92 9 50 147 90 56 114 194 162 111 96 28 43 135 139 91 132 7 183 45 136 138 168 199 22 200 74 180 170 128 193 15 79 39 64 141 159 157 11 101 71 146 10 155 49 110 76 171 126 95 131 122 112 55 184 176 156 186 77 118 137 34 31 24 75 165 143 134 42 2 119 192 161 5 80 150 166 35 173 30 127 23 174 124 83 21 182 98 140 53 26 152 125 25 172 145 123 179 188 109 20 51 82 54 16 40 196 142 78 85 191 129 67 52 198 32 37
75 78 33 67 150 88 74 25 113 48 122 62 41 57 28 65 49 112 178 58 117 109 108 51 184 100 191 54 55 87 19 12 18 181 20 147 95 76 171 115 22 21 185 99 94 186 52 120 97 144 46 163 155 134 123 15 7 93 91 190 179 157 170 110 159 124 137 194 161 133 104 175 83 136 11 23 5 71 118 85 141 53 131 61 111 128 156 13 66 126 140 79 103 101 174 176 152 168 80 14 39 107 146 3 148 17 160 31 68 60 98 151 6 158 63 165 86 188 199 189 130 56 127 102 149 193 119 34 43 166 198 82 153 81 8 89 64 145 197 96 172 30 116 69 167 10 24 187 195 9 77 92 177 135 162 84 200 72 183 4 73 40 143 45 47 38 142 182 59 36 42 169 90 32 29 129 50 44 192 121 196 37 138 35 125 26 70 173 16 154 139 105 106 164 1 2 27 114 132 180
149 52 5 184 66 97 139 113 106 181 91 61 30 74 127 75 162 122 40 119 111 67 34 41 154 43 93 166 161 110 32 125 7 27 129 10 146 133 86 35 20 94 143 100 160 70 116 59 90 174 126 147 183 155 1 54 185 153 14 176 25 26 188 95 115 173 16 23 60 53 194 39 4 17 89 135 124 63 13 121 180 199 105 109 190 51 56 150 96 159 120 178 101 175 68 187 165 196 189 11 112 192 46 38 186 134 44 171 80 19 140 141 136 98 31 130 191 156 198 182 145 148 49 104 131 138 193 152 99 8 168 179 81 87 84 28 167 64 88 85 29 79 33 117 21 71 9 2 177 169 55 45 65 195 62 48 73 137 3 83 47 128 118 78 69 76 102 157 164 42 172 158 197 123 50 72 132 6 163 57 92 36 15 142 151 77 18 144 170 108 58 24 107 200 37 82 103 22 12 114
42 122 153 195 86 155 124 52 117 53 135 107 2 96 177 8 136 147 24 72 144 65 139 79 12 102 184 28 38 199 145 179 196 192 90 92 159 61 5 169 178 68 47 13 36 193 104 141 198 103 200 98 175 9 14 168 58 115 163 142 140 112 39 45 181 131 134 166 100 165 84 69 170 77 44 185 111 173 6 3 25 197 78 101 94 87 11 64 29 54 48 66 138 186 93 67 82 49 150 10 109 176 146 70 133 130 172 26 171 129 32 43 156 55 118 126 106 125 50 162 57 119 188 71 81 62 157 30 143 164 34 40 16 19 105 148 123 83 23 41 7 33 18 151 121 46 182 15 88 152 108 110 128 189 21 27 51 194 76 158 31 4 114 63 183 113 75 97 85 73 20 137 174 120 161 167 99 22 60 35 56 89 74 191 59 37 160 149 116 187 1 80 154 91 95 190 132 17 127 180
10 70 97 126 116 16 184 21 40 13 24 93 45 155 180 42 169 3 152 114 5 129 147 47 23 144 181 186 160 71 54 164 85 103 154 22 191 124 61 189 101 135 39 141 11 159 98 62 162 44 122 28 190 49 172 176 64 171 50 17 80 102 177 92 65 157 77 117 197 140 142 104 123 1 174 55 196 109 143 53 26 87 132 166 52 63 199 9 187 35 91 128 73 8 130 20 94 83 57 25 32 100 145 88 185 58 120 12 125 68 178 118 30 27 4 59 7 167 90 165 194 111 15 138 18 150 188 133 134 89 183 139 119 156 75 51 38 48 173 96 112 78 163 170 19 175 69 66 56 192 179 82 60 153 46 127 107 115 33 168 14 37 29 86 137 198 84 108 146 34 149 195 2 200 36 161 105 79 6 31 95 182 74 148 72 43 41 110 151 76 131 113 136 67 106 121 158 99 193 81
149 7 162 146 38 142 166 100 81 114 183 175 109 86 105 89 8 96 150 84 138 34 156 41 177 2 23 158 197 128 59 65 79 180 120 192 159 110 12 30 126 171 58 179 200 78 161 1 14 39 117 64 54 129 186 102 35 63 44 5 3 36 22 181 60 157 19 52 113 72 37 169 196 77 31 47 32 108 87 174 176 97 121 45 76 101 182 83 111 33 25 48 165 69 43 154 42 93 6 144 9 170 21 147 172 26 122 92 95 75 46 57 145 107 106 61 191 194 155 15 151 127 103 173 50 137 67 94 28 140 112 136 124 53 152 153 119 40 143 24 190 68 141 116 125 29 115 184 98 160 133 178 167 4 11 51 199 130 91 82 118 80 123 198 132 71 27 168 163 134 49 85 55 20 88 195 99 104 90 17 62 70 185 73 16 18 193 66 74 10 189 187 164 148 131 188 135 56 13 139
176 85 95 195 8 63 21 57 175 119 184 93 140 68 84 70 181 131 107 71 78 132 35 92 79 106 40 53 139 111 180 160 153 77 87 147 148 164 83 116 48 165 49 67 96 188 46 179 159 120 128 55 157 123 66 174 166 118 133 88 58 102 23 137 81 145 41 29 146 109 44 60 177 27 138 171 45 52 18 156 65 4 158 101 20 182 9 6 173 141 142 143 99 144 189 64 43 15 161 7 54 113 86 62 170 154 47 187 125 2 91 162 32 34 196 10 167 12 108 17 24 89 127 80 59 183 26 134 98 190 73 42 39 151 136 5 69 74 169 61 135 152 11 185 105 197 104 103 163 112 94 97 28 199 150 149 193 110 25 198 115 186 90 14 56 126 191 76 50 172 72 37 13 19 38 22 114 3 16 155 1 51 100 130 168 200 178 33 82 36 75 129 31 30 194 192 117 121 122 124
24 128 73 118 126 188 130 8 133 69 94 105 113 164 117 102 191 20 3 124 21 170 131 25 96 19 121 31 145 192 148 106 50 182 119 147 132 104 48 77 11 41 70 42 6 97 136 49 120 76 146 112 81 27 83 116 35 34 43 123 89 93 91 141 159 66 84 62 139 152 174 187 173 46 53 163 158 125 85 40 16 75 149 161 18 38 65 156 58 78 26 64 177 79 2 32 95 190 28 71 88 183 200 175 169 29 92 122 157 155 115 99 33 90 143 100 39 74 176 111 110 165 9 67 55 180 194 129 36 22 196 44 101 138 63 172 109 107 160 57 68 195 59 13 47 140 150 162 193 86 60 184 45 12 137 80 1 189 134 114 142 17 181 178 153 135 14 197 10 171 185 198 4 186 154 98 56 168 108 199 61 51 179 166 15 52 167 103 30 127 37 54 72 87 144 7 151 23 82 5
198 162 57 103 167 10 168 29 1 87 62 128 170 46 66 80 111 180 188 38 92 189 89 187 104 183 176 178 43 109 144 177 41 153 194 136 33 84 99 59 69 173 122 163 157 118 148 56 149 54 63 106 96 105 14 67 130 172 200 161 108 73 17 71 101 145 121 40 116 166 138 42 4 133 61 31 169 58 114 151 86 55 94 23 34 165 182 26 156 117 125 6 140 50 192 72 139 16 129 78 53 25 154 190 159 20 45 77 195 171 52 3 97 74 22 164 64 131 81 107 132 65 191 9 146 179 44 193 27 175 185 51 37 5 60 13 119 197 126 115 134 47 70 68 48 2 12 93 15 11 110 135 79 30 21 174 158 181 24 90 102 91 152 36 18 147 184 150 142 124 85 100 28 113 32 75 19 8 82 186 137 95 143 49 141 7 76 98 127 155 199 112 39 120 196 123 160 88 83 35
145 121 149 123 151 112 171 135 76 26 158 1 180 94 162 28 190 184 61 165 75 32 66 182 42 5 152 101 33 40 170 176 100 50 58 160 35 195 159 124 27 147 113 55 67 128 131 23 96 196 110 57 78 21 178 73 132 199 53 39 140 166 109 83 141 192 127 38 150 143 84 104 156 186 64 47 68 179 164 161 125 49 193 71 20 168 154 24 95 52 22 142 4 74 46 85 31 19 15 13 102 175 11 130 191 98 107 129 188 97 139 106 173 116 183 122 133 99 136 134 60 117 18 174 114 30 44 54 80 25 48 6 88 189 148 34 10 91 29 90 86 36 108 17 8 194 62 2 89 70 81 37 126 59 115 120 12 146 163 155 172 72 51 118 14 3 43 119 103 69 137 45 185 181 93 16 82 79 7 92 9 138 87 177 153 111 187 200 77 65 197 169 56 144 157 105 167 198 41 63
47 57 161 194 146 36 122 171 183 92 54 27 52 138 196 166 177 68 134 137 101 144 35 165 163 40 46 133 41 49 73 18 150 126 149 157 190 117 74 43 1 71 98 192 173 70 123 23 2 116 8 31 162 110 69 82 148 172 118 141 105 181 124 51 184 13 188 20 30 200 65 7 106 90 55 125 140 107 145 58 179 44 50 131 78 195 187 100 104 185 53 3 42 14 135 186 182 99 191 128 180 21 84 88 5 119 102 130 132 199 167 32 193 83 169 91 197 67 11 115 25 175 81 174 96 4 76 156 178 29 17 48 120 97 114 176 93 121 34 66 64 28 189 168 142 153 12 94 77 103 63 95 38 15 39 75 24 89 129 79 10 164 143 136 170 72 56 45 26 59 113 108 33 37 139 152 158 85 9 86 80 198 127 112 19 87 154 159 61 6 62 111 155 22 60 147 109 16 160 151
180 82 43 66 91 124 22 101 192 131 196 112 143 162 21 76 129 113 96 65 5 121 89 99 36 60 191 157 103 186 40 58 30 95 159 37 195 181 71 104 126 178 119 146 111 154 145 184 187 149 10 67 27 173 116 188 49 74 8 52 73 128 29 152 194 85 64 125 114 94 87 50 150 147 144 169 110 54 167 127 102 156 172 158 88 75 137 117 48 68 198 108 28 133 14 42 78 69 86 84 179 47 163 35 31 56 15 59 2 135 7 142 168 92 189 33 11 17 46 136 122 6 24 182 55 132 83 79 120 4 98 164 123 23 148 199 107 57 106 32 134 100 193 51 151 9 170 153 93 44 190 197 61 160 1 39 41 80 140 166 16 97 72 165 175 26 81 13 19 45 115 34 171 141 63 20 12 25 130 139 109 62 38 183 138 18 161 77 90 174 118 177 176 105 200 53 185 155 3 70
200 190 9 111 132 88 50 55 173 149 91 140 126 31 175 78 42 49 22 34 119 61 159 86 93 120 169 171 51 35 127 26 4 40 165 5 133 114 32 92 194 128 20 155 147 95 151 189 199 185 23 24 170 39 11 160 188 73 83 109 82 168 191 105 28 64 10 164 2 98 117 71 134 112 46 180 181 53 70 143 129 122 63 14 18 184 41 158 195 80 104 183 113 37 179 74 33 110 121 101 94 79 135 115 87 193 177 106 196 84 52 141 75 90 156 162 69 136 3 167 67 16 62 36 130 66 182 44 116 150 197 146 163 13 178 12 17 157 58 85 99 15 166 43 30 38 47 148 89 21 153 103 186 125 57 139 72 8 1 60 144 142 192 56 6 124 187 152 174 145 138 97 81 100 65 7 123 68 198 54 108 137 102 154 29 59 131 76 48 96 27 172 161 45 77 176 25 107 118 19
91 37 138 120 17 57 3 145 185 41 13 136 51 64 116 148 31 93 176 8 50 114 39 30 22 98 68 140 33 105 146 73 130 19 164 106 35 157 1 128 21 193 53 109 147 117 125 97 195 107 34 152 45 7 161 74 158 172 112 11 191 118 20 24 153 166 29 71 16 156 89 4 183 111 87 123 150 27 126 9 159 121 137 199 168 43 186 135 62 59 184 110 23 78 79 187 171 5 94 36 132 169 134 69 75 101 149 167 119 90 55 188 84 6 198 131 44 95 85 144 52 77 179 103 99 115 2 200 14 170 100 81 25 142 82 65 54 26 181 189 67 60 102 139 174 10 104 49 47 163 46 180 127 66 160 143 165 48 197 18 70 113 28 182 83 38 192 162 196 56 72 124 40 32 141 151 190 175 61 108 178 88 58 129 86 133 96 76 92 154 42 173 122 63 15 155 177 80 12 194
102 6 135 29 128 183 42 182 16 164 86 64 11 194 12 88 4 112 75 124 59 119 173 153 91 177 28 113 51 175 41 57 63 40 107 115 142 70 9 85 189 83 38 168 129 13 34 36 8 178 143 130 22 118 110 117 54 170 116 103 105 73 172 155 198 197 2 156 100 106 114 147 21 149 74 81 169 108 121 58 3 44 161 71 18 186 137 92 132 32 93 125 37 162 101 140 136 94 151 134 56 49 68 95 14 48 61 200 133 31 30 78 179 67 126 180 104 26 122 53 184 25 96 66 23 87 55 97 1 76 39 72 33 79 144 5 190 191 141 65 192 166 138 145 60 89 146 43 157 109 150 111 154 98 123 62 193 188 45 152 148 47 69 158 167 174 187 52 165 7 19 171 20 99 46 131 15 160 185 176 24 84 77 35 163 199 82 10 120 196 17 181 195 139 159 50 90 127 80 27
82 64 58 21 40 116 141 70 22 167 78 103 160 91 104 18 169 52 127 51 147 134 144 30 180 8 179 2 36 161 150 31 178 152 165 24 110 60 191 156 146 183 131 16 177 113 33 175 198 120 41 149 172 44 182 17 14 187 76 13 69 4 117 166 106 100 28 118 61 132 173 153 151 63 89 48 65 38 185 193 79 90 181 197 190 188 71 57 142 189 94 11 93 3 29 45 119 42 26 50 155 200 158 137 128 114 122 74 37 129 171 136 124 98 199 81 10 102 66 39 107 143 49 97 23 96 55 174 164 62 15 140 34 9 77 32 194 85 43 138 121 19 163 46 68 35 12 80 88 125 59 162 154 105 86 159 83 72 5 186 133 148 112 157 95 54 73 53 47 145 196 75 170 126 99 25 176 6 109 130 139 20 192 168 1 84 111 108 92 123 101 87 27 115 184 67 135 56 195 7
193 155 171 196 35 136 163 132 13 162 69 200 184 3 142 165 83 104 67 45 37 31 174 154 150 29 156 19 168 182 64 33 149 85 80 112 113 48 44 59 139 22 57 110 144 50 24 160 146 46 166 164 25 51 42 43 126 27 38 138 30 99 18 1 140 173 66 84 177 78 61 141 101 103 55 124 187 58 28 159 189 14 71 147 131 41 158 76 172 181 93 89 197 106 10 186 128 116 97 137 40 32 107 180 145 11 95 191 4 60 34 119 125 2 98 133 190 81 5 56 53 161 17 87 111 26 117 47 135 134 94 109 188 63 88 170 75 179 169 130 92 102 199 105 148 72 12 9 15 16 152 54 121 82 20 23 77 52 90 114 153 79 21 185 195 175 123 6 39 68 7 73 178 143 108 120 100 122 192 8 65 118 115 49 91 151 36 86 183 129 194 62 167 74 176 70 157 96 198 127
177 75 70 145 131 81 44 56 184 163 148 109 2 32 30 36 85 101 182 64 136 52 72 46 110 11 192 140 159 18 154 144 103 122 176 196 35 39 100 181 164 115 113 200 149 112 107 174 4 57 155 95 42 121 167 16 169 62 127 185 19 197 93 38 86 61 194 41 66 89 141 199 7 133 60 97 48 83 14 139 99 162 160 17 151 157 50 34 9 146 26 8 6 168 120 12 74 198 40 29 76 13 175 143 28 23 161 98 45 59 119 189 111 195 186 104 47 134 150 71 165 118 10 102 190 114 147 158 15 88 179 126 31 172 153 135 54 90 21 137 82 108 69 51 96 132 91 37 3 180 170 20 94 178 193 53 25 183 123 128 80 106 105 138 22 92 171 166 124 130 58 187 173 5 27 73 68 156 84 49 1 33 78 77 191 67 43 87 129 188 117 65 24 152 142 55 63 116 79 125
134 18 10 196 53 74 76 155 113 26 102 139 124 96 84 151 21 17 189 57 20 199 82 123 168 31 172 64 48 116 30 149 42 101 7 80 90 109 61 131 94 95 14 68 122 86 40 118 63 93 125 47 29 55 145 153 176 144 77 15 9 106 28 88 73 154 174 186 195 85 51 56 110 132 194 11 179 99 75 97 162 78 100 58 112 62 169 46 54 2 140 114 150 4 71 173 111 49 105 137 67 81 120 143 148 83 167 66 130 115 197 126 191 187 43 183 133 45 79 19 185 121 60 72 25 175 152 170 142 87 69 119 12 156 157 184 52 13 117 141 181 127 91 36 59 160 89 3 1 23 147 166 70 50 136 8 38 161 146 200 190 44 103 164 92 128 182 22 39 33 129 107 37 138 104 32 35 65 171 41 34 163 135 180 16 5 24 158 177 193 165 98 192 178 198 108 6 27 188 159
83 154 72 191 182 51 86 177 165 153 70 27 25 126 22 2 44 100 49 190 58 197 7 18 196 17 111 128 84 198 155 73 31 130 6 172 192 141 176 167 160 121 102 14 37 4 148 47 139 87 158 34 99 178 186 8 142 20 28 76 199 23 159 10 157 163 53 195 120 97 173 78 64 75 16 171 174 55 117 50 68 38 149 9 12 89 59 69 116 168 80 90 65 21 81 134 146 91 162 45 114 119 108 26 82 46 30 140 19 150 61 115 107 123 74 124 94 35 185 147 71 103 42 36 52 180 189 5 129 170 181 125 109 77 110 88 132 166 112 11 54 96 63 40 179 184 29 1 138 156 135 41 48 137 95 43 152 39 98 175 106 136 161 104 133 131 66 143 3 127 101 169 187 57 85 194 15 164 56 122 105 24 92 200 62 144 33 113 79 60 93 13 188 145 118 67 32 193 183 151
52 68 173 34 197 141 54 50 81 33 164 64 116 166 8 149 108 25 80 60 97 29 139 124 200 30 145 138 118 140 38 16 26 191 4 18 119 10 12 122 137 187 7 75 43 142 71 176 15 98 115 14 46 120 42 159 110 132 93 21 24 2 31 183 134 49 45 180 85 198 123 61 174 76 32 130 193 185 172 55 91 189 109 146 106 151 171 39 155 182 87 74 20 133 121 48 111 59 9 65 78 167 153 157 73 178 165 148 161 175 126 152 3 131 100 79 72 58 1 169 194 37 168 66 144 195 51 95 143 186 184 47 99 41 23 170 82 88 117 128 6 181 56 83 92 22 44 177 94 129 156 114 105 90 136 179 154 28 17 147 160 77 102 53 199 162 13 35 127 36 163 104 69 190 112 158 11 101 40 150 63 188 5 107 70 67 84 89 27 125 196 103 135 96 62 192 113 57 86 19
17 134 180 116 112 53 22 33 71 49 82 115 145 19 153 147 11 187 146 119 8 29 174 21 108 152 183 175 73 2 36 76 84 141 128 7 69 130 42 169 18 158 192 86 54 9 30 168 172 102 182 173 34 151 98 97 121 155 24 109 132 117 95 156 46 32 111 113 144 149 47 15 20 51 135 185 123 164 23 140 56 190 157 200 191 35 83 122 100 161 110 57 14 170 181 107 196 79 176 59 10 3 13 148 143 133 4 60 131 139 52 99 118 48 37 64 28 124 67 6 44 74 41 92 45 72 16 75 63 126 127 194 184 189 195 65 193 178 165 77 1 114 160 177 62 43 106 50 31 68 136 40 12 104 105 26 197 93 162 78 154 186 89 150 5 142 90 179 199 138 38 61 39 81 171 159 55 198 96 167 85 137 101 25 80 125 163 188 166 70 88 58 27 66 103 87 129 120 94 91
129 136 99 149 9 194 187 52 14 135 156 21 182 160 191 46 192 200 95 6 170 87 81 168 80 17 91 53 111 138 183 118 181 63 48 84 54 12 77 5 122 115 197 56 65 78 104 90 127 30 73 16 139 189 199 31 58 162 137 75 177 141 125 153 60 180 167 62 105 1 123 2 50 119 114 92 109 24 15 102 120 35 42 193 26 32 67 85 154 10 4 131 178 151 49 34 11 64 36 103 69 113 174 39 155 176 93 108 57 157 76 89 13 145 128 163 106 71 171 8 19 44 188 3 124 66 133 147 98 142 158 186 25 175 29 165 74 72 148 143 198 55 96 159 70 164 116 82 101 79 86 38 146 140 126 184 28 22 97 41 83 166 195 179 20 43 51 169 33 23 27 150 110 190 134 130 37 18 68 152 121 61 107 172 47 88 45 132 7 100 40 144 196 112 161 94 59 185 173 117
159 93 194 128 189 61 127 57 118 156 27 188 24 69 97 85 112 83 139 90 122 198 19 23 46 171 110 67 199 80 76 161 113 54 138 56 186 136 68 55 92 158 84 108 197 106 38 150 176 41 115 15 52 35 168 174 6 130 151 179 72 134 81 183 17 10 123 8 126 65 53 121 5 177 107 63 104 79 157 13 191 78 143 148 133 111 73 165 75 82 66 48 43 124 100 25 180 70 20 12 98 200 39 120 135 21 192 16 169 91 89 99 28 74 173 33 184 40 62 11 196 42 152 114 162 58 47 105 2 22 50 190 129 137 95 51 60 187 195 132 164 94 117 131 141 7 109 29 163 155 1 103 44 88 36 172 160 154 178 64 86 31 45 71 167 3 119 101 149 37 140 102 49 26 147 144 96 18 142 32 14 175 116 153 181 30 170 87 34 77 59 4 166 125 193 182 185 145 9 146
68 50 196 143 34 133 55 194 109 96 32 126 167 38 4 176 65 58 10 135 63 52 162 171 195 66 190 104 45 85 191 41 36 134 20 174 198 188 35 131 159 13 92 181 118 40 177 1 44 15 156 129 74 62 81 166 91 82 102 51 2 95 128 33 83 127 165 142 144 25 189 21 26 37 22 70 164 155 94 23 147 110 121 125 16 46 170 160 8 11 86 9 161 187 146 157 64 29 49 19 172 103 73 169 84 97 184 60 48 173 192 59 115 114 57 111 99 80 5 61 71 163 141 120 17 138 168 18 105 47 197 112 140 107 158 136 98 67 152 3 53 7 69 87 130 76 54 185 43 154 178 145 132 39 119 183 108 90 182 175 116 79 101 122 148 193 179 28 27 31 106 123 77 149 93 150 153 117 14 124 42 75 88 6 100 89 24 199 30 56 186 113 180 200 151 12 137 72 139 78
187 188 165 185 95 49 177 134 167 70 66 81 119 186 55 159 100 69 31 56 53 113 27 200 151 12 161 48 82 111 184 71 43 92 5 75 138 89 15 57 183 142 72 108 190 4 28 67 126 79 87 26 14 73 189 16 10 173 76 168 37 197 104 25 38 118 62 112 163 137 7 196 96 33 58 74 192 22 46 13 198 147 60 17 162 150 99 181 98 154 85 18 158 172 129 36 51 169 35 182 39 132 120 156 116 1 97 166 91 193 21 117 19 127 149 125 88 180 40 63 68 23 6 90 178 42 155 131 157 2 130 179 50 61 3 110 30 77 146 101 122 29 45 105 93 80 153 65 171 52 128 133 41 170 135 145 121 139 175 148 176 54 107 103 144 84 160 24 9 124 20 199 32 44 194 152 59 11 47 174 191 102 140 115 164 136 141 109 143 123 8 86 94 34 78 195 106 114 64 83
14 200 187 25 23 13 113 66 176 115 31 53 45 19 28 124 59 57 33 24 11 56 169 93 85 131 36 165 175 100 101 196 76 48 179 68 64 65 26 71 12 91 8 50 16 82 10 72 129 174 58 170 153 105 108 70 60 177 63 199 132 185 158 168 178 186 122 104 146 183 117 128 84 94 182 126 30 62 198 90 9 135 2 37 171 151 4 81 103 54 75 143 95 17 38 102 3 173 195 35 194 98 7 74 149 156 107 6 180 87 136 163 40 109 92 97 52 142 137 15 141 161 134 111 125 188 172 127 139 164 184 192 79 49 159 67 44 191 119 112 147 197 121 160 46 18 157 140 133 21 89 34 99 41 106 190 61 167 144 77 47 80 29 78 118 86 120 5 43 154 73 22 114 193 155 55 110 20 32 83 96 162 138 189 27 152 42 130 88 150 123 51 166 148 69 1 116 145 39 181
171 170 152 1 159 168 143 54 28 110 125 76 65 41 133 95 19 196 93 75 68 92 49 134 91 118 88 150 136 140 39 50 2 164 151 131 96 34 144 97 100 176 90 9 165 72 112 185 172 101 85 141 56 26 22 102 99 122 53 70 146 74 83 124 160 35 113 128 179 174 157 137 12 63 4 188 162 169 149 17 109 184 178 194 198 135 107 31 8 21 59 25 48 147 158 139 119 33 189 98 167 20 23 123 40 138 130 24 7 27 87 108 81 191 197 36 30 62 186 182 29 115 13 66 199 142 106 156 181 173 86 57 121 132 45 89 47 55 161 71 180 154 60 79 51 58 69 94 114 175 16 183 127 103 32 177 46 73 14 67 82 193 200 126 129 116 38 192 80 166 18 105 117 77 195 15 163 10 148 5 145 155 37 52 11 3 84 104 61 187 120 78 190 42 111 43 44 6 153 64
97 95 80 151 47 44 157 183 18 134 9 51 102 16 165 192 42 66 90 100 160 189 8 140 89 148 53 141 198 178 173 50 41 96 166 126 147 70 32 22 114 136 24 142 145 64 187 163 154 121 78 55 31 83 17 119 174 84 65 36 146 182 103 33 14 48 179 57 190 159 74 168 4 29 67 60 186 37 158 124 27 59 149 117 150 58 38 86 87 177 71 82 93 185 199 133 170 164 104 2 116 127 128 62 113 175 110 69 137 98 52 43 162 76 85 5 176 45 6 77 123 139 120 46 88 131 68 23 91 122 105 143 63 195 30 101 72 155 54 194 26 171 135 132 125 39 161 13 25 107 73 21 12 28 10 152 180 130 7 109 56 49 79 197 200 115 153 108 167 92 129 99 193 144 156 181 15 40 75 11 188 19 112 118 1 3 34 81 61 111 184 94 169 138 196 172 20 35 106 191
43 104 111 102 51 39 71 23 164 69 2 157 167 166 30 156 109 45 158 149 74 31 72 154 160 126 70 119 121 137 199 95 175 142 99 191 90 165 93 18 94 163 105 113 162 38 65 12 169 110 100 122 185 195 192 108 153 86 59 116 33 56 186 85 114 34 6 98 77 11 47 24 117 91 60 197 48 82 176 148 84 198 32 17 22 1 133 140 129 187 161 106 44 19 132 49 78 67 13 46 144 181 138 125 66 20 50 159 112 147 128 53 168 115 139 136 14 172 92 89 63 3 29 120 155 179 79 41 81 58 170 21 150 8 16 57 135 64 183 196 178 55 101 25 194 80 35 123 131 134 61 118 103 193 146 54 182 151 145 10 130 9 188 76 88 180 7 83 87 75 184 36 15 171 68 37 27 4 40 173 190 141 73 96 189 107 42 152 28 200 143 177 127 97 26 52 174 5 62 124
103 101 69 73 180 148 168 136 86 115 31 62 165 56 44 163 124 70 47 91 166 66 53 108 169 185 112 190 195 119 8 152 140 89 143 200 139 71 87 92 43 48 6 16 106 191 63 107 123 94 45 5 138 23 128 67 49 84 11 15 181 25 127 76 193 39 52 150 186 164 170 79 113 184 135 126 83 110 157 131 82 120 58 109 145 4 90 95 121 100 77 122 134 42 111 20 156 61 198 35 118 192 46 34 14 26 141 197 28 153 176 65 161 85 38 13 59 50 130 104 178 102 36 96 74 183 54 93 10 116 132 159 1 114 30 167 41 60 196 88 3 80 173 160 199 171 133 18 51 175 72 21 177 57 12 17 75 55 142 144 182 125 78 37 154 97 81 33 158 149 27 187 146 129 24 117 188 7 22 99 2 105 147 172 64 155 189 68 32 151 162 194 174 98 40 179 9 137 29 19
196 91 8 70 122 101 6 37 48 33 171 87 169 3 175 77 58 128 111 163 134 192 119 25 54 18 46 4 183 166 118 141 188 180 139 150 132 53 21 181 154 167 131 121 161 79 127 113 97 103 67 108 170 130 40 164 38 187 106 84 200 22 9 120 66 83 17 143 41 30 82 13 189 75 137 140 56 5 195 94 155 107 16 162 194 36 31 11 34 12 95 126 71 50 100 62 110 138 32 85 43 49 68 45 160 135 151 102 26 116 142 165 64 65 35 20 129 89 156 98 39 112 73 199 178 149 176 61 117 148 182 184 144 90 104 99 47 190 15 1 63 93 157 55 172 123 179 146 159 42 96 88 105 145 78 133 173 60 59 174 115 177 152 86 92 23 76 74 69 24 44 7 158 72 186 14 109 191 28 185 198 29 27 136 197 10 52 51 153 80 147 81 124 168 57 125 114 19 193 2
45 137 113 72 71 10 84 37 27 129 90 48 7 26 87 155 64 183 125 184 70 91 103 12 38 43 110 95 61 162 131 11 116 4 83 114 96 142 80 117 66 139 62 174 193 105 180 153 3 133 134 165 88 5 57 199 130 167 28 169 47 46 177 196 178 145 39 77 148 54 112 115 24 22 42 73 126 75 151 119 156 128 182 170 59 52 152 20 69 197 44 186 85 30 94 100 92 111 86 146 101 29 172 138 2 181 121 185 109 157 9 76 79 122 41 25 192 140 31 175 164 81 89 15 98 34 53 49 40 8 58 17 99 124 158 74 102 135 188 55 154 6 149 35 141 159 163 166 179 18 108 82 93 106 63 120 127 32 176 190 68 16 198 56 51 33 123 104 194 14 191 147 97 171 78 136 195 168 187 189 143 173 13 1 60 23 36 21 132 161 160 65 67 144 50 118 150 200 107 19
162 49 32 163 171 7 62 52 72 6 100 60 50 196 134 125 84 40 25 99 37 153 148 35 124 23 135 31 190 110 78 2 41 28 187 180 128 118 77 73 48 114 13 141 173 34 199 10 74 85 16 182 133 130 142 86 96 105 193 157 14 76 158 174 97 170 95 39 15 175 5 122 47 194 195 12 137 115 83 80 90 152 150 186 181 189 166 103 63 21 127 164 104 87 33 107 112 106 113 71 3 132 79 178 108 179 61 1 24 20 200 70 138 98 46 55 183 30 57 198 172 129 26 68 67 184 88 121 144 29 44 58 191 139 36 65 43 161 131 9 64 102 93 11 140 177 8 54 53 154 75 143 94 42 156 27 111 119 167 91 176 109 136 168 4 188 101 56 123 17 19 22 69 116 66 38 165 145 18 197 81 149 192 92 155 51 147 117 185 59 120 126 146 151 159 169 89 82 160 45
166 143 109 169 188 97 54 198 144 19 150 139 66 163 18 112 155 152 192 93 200 160 55 136 95 148 135 89 81 4 86 103 39 195 154 113 162 173 167 180 59 111 67 193 7 177 122 83 62 10 27 30 22 49 20 72 185 183 101 178 181 80 131 171 14 127 64 87 73 102 53 130 120 121 179 47 38 124 48 134 145 115 17 40 9 116 110 16 194 99 175 125 123 46 33 98 170 3 172 108 36 57 11 29 6 52 23 69 71 138 91 58 60 24 161 56 132 65 153 174 164 21 100 43 118 137 146 28 12 94 51 88 45 104 128 79 15 70 90 61 78 114 117 159 141 129 84 13 191 35 156 63 41 96 165 42 186 32 50 187 107 147 158 182 157 5 82 197 92 31 184 76 34 151 1 133 44 106 199 37 77 105 126 25 168 190 26 196 142 85 189 75 74 140 176 8 2 119 149 68
17 175 48 199 24 42 52 96 20 45 18 83 70 37 69 152 122 129 135 56 92 76 59 193 23 31 98 150 117 157 137 26 100 6 15 176 200 112 36 9 22 39 115 93 114 90 16 198 19 21 106 53 126 97 127 113 11 172 109 124 184 189 149 1 151 118 25 72 50 185 183 182 181 8 111 156 5 142 28 40 68 62 49 10 141 86 54 108 197 87 162 168 58 41 143 47 180 74 105 78 130 7 95 177 173 82 145 43 161 79 186 66 84 75 136 32 34 170 103 167 4 51 89 194 131 46 107 138 195 60 159 88 99 35 110 44 104 116 12 29 154 80 65 119 81 71 77 73 128 160 121 2 3 146 14 63 169 196 191 61 67 140 187 166 102 171 158 144 165 94 132 38 91 178 133 139 125 174 134 55 57 13 101 179 85 163 27 120 33 153 148 123 164 155 147 188 64 192 30 190
181 51 198 152 195 175 72 35 151 26 149 97 58 62 124 171 43 112 114 21 169 115 132 130 125 144 6 194 45 135 189 22 1 54 191 159 37 90 82 184 174 166 15 46 16 70 13 42 36 176 47 12 111 172 190 31 155 118 117 79 177 199 17 186 158 162 75 100 147 200 9 120 60 56 165 59 136 96 138 156 48 57 126 107 20 134 168 3 98 133 185 85 109 49 148 52 32 140 196 23 67 164 5 160 122 34 161 77 180 74 25 131 53 127 18 154 188 173 102 119 157 87 103 78 69 150 63 129 128 146 110 137 55 105 33 14 86 88 83 141 197 66 2 170 91 143 167 73 76 99 94 7 61 139 192 44 40 27 104 113 8 84 183 4 123 38 163 24 153 64 179 142 28 41 29 101 187 71 145 93 68 80 108 50 19 65 121 30 106 193 10 39 11 116 178 89 95 81 92 182
90 73 22 81 28 63 189 193 96 54 185 98 58 99 59 38 27 53 111 72 13 20 15 12 42 164 137 95 69 87 139 78 140 106 196 30 159 3 152 24 190 32 155 109 84 76 125 45 172 29 71 62 156 17 104 175 86 177 197 134 6 89 186 85 11 35 80 31 47 122 34 135 180 25 165 183 60 157 9 48 74 61 128 167 131 100 101 199 2 151 143 51 92 179 198 188 168 55 173 136 145 64 26 44 144 194 57 200 33 49 97 176 91 10 158 160 150 115 19 124 162 18 77 102 8 147 52 130 79 163 117 192 132 37 23 112 184 118 153 123 82 169 174 1 114 171 182 138 154 127 121 65 120 141 116 56 119 93 46 88 66 161 40 113 68 110 166 5 181 146 4 105 126 70 36 83 149 129 94 187 107 67 75 14 142 148 108 43 21 7 191 195 133 170 178 41 39 50 103 16
84 136 190 20 133 195 25 50 128 105 130 139 10 60 3 26 119 91 38 31 174 18 180 188 63 169 143 53 120 100 2 125 82 61 124 23 16 54 97 150 106 179 78 127 40 158 192 88 141 17 95 92 126 168 71 70 111 132 187 199 144 58 7 14 81 19 170 32 48 101 138 27 56 72 191 146 178 151 34 33 57 198 107 37 148 52 65 117 28 200 129 5 112 76 35 36 140 157 142 51 93 79 110 152 47 103 6 85 77 163 134 131 147 12 123 64 44 41 68 108 1 135 172 137 183 87 196 30 98 115 102 162 114 165 167 62 49 24 177 11 75 113 55 193 29 149 104 22 73 15 156 67 99 194 89 43 66 80 116 153 83 109 154 185 164 86 118 166 69 189 155 160 94 121 182 184 173 197 21 9 45 159 175 181 59 161 176 42 122 145 74 171 90 39 13 96 4 46 186 8
26 25 80 168 169 160 131 174 197 40 149 69 95 6 51 127 98 48 125 22 63 91 198 34 10 97 56 3 104 82 29 102 106 137 100 130 92 120 50 94 191 83 162 123 23 180 155 19 11 161 77 148 153 194 81 74 46 42 179 147 12 44 103 57 28 7 105 164 39 58 136 88 5 152 14 134 41 84 114 167 185 176 54 165 60 8 31 195 163 52 71 96 158 173 16 53 181 86 93 142 140 113 62 38 101 159 170 36 108 20 15 4 78 192 32 190 49 33 177 75 126 9 154 43 59 90 24 112 143 1 107 55 35 30 183 144 61 18 145 116 67 132 146 189 182 85 193 119 135 188 151 178 133 129 110 186 109 166 196 89 70 13 138 87 128 172 118 171 111 68 21 47 122 65 200 124 199 117 64 150 45 76 2 99 79 115 72 139 187 156 66 175 121 73 17 37 157 184 27 141
163 152 99 18 4 66 52 49 188 155 79 133 104 145 171 180 56 190 16 14 147 77 9 174 122 67 13 126 107 103 148 159 157 50 26 73 101 141 120 93 192 36 31 94 173 7 185 72 42 117 78 127 38 15 95 176 51 47 154 34 27 59 19 65 164 89 200 6 90 169 172 3 131 184 71 22 182 132 60 108 116 88 61 75 46 68 102 28 161 186 144 166 92 83 64 179 17 84 25 23 55 199 32 62 142 91 153 109 177 105 196 113 82 146 29 106 30 128 86 162 53 1 96 123 191 125 168 69 58 175 149 130 2 39 198 8 97 119 136 37 121 48 87 165 110 35 187 140 124 114 33 76 112 197 194 193 160 5 178 54 167 24 118 143 195 189 43 57 21 63 12 40 85 10 115 74 137 41 129 138 45 80 135 156 183 151 100 70 158 81 11 150 111 98 139 181 134 170 44 20
95 113 184 121 93 87 162 175 129 49 35 102 134 170 149 23 28 76 144 182 157 27 1 159 135 183 137 26 70 164 136 96 176 61 103 171 151 55 36 190 2 74 147 156 40 25 69 101 67 133 3 154 52 105 186 124 166 114 77 32 100 119 54 120 12 181 185 173 179 191 117 146 65 194 59 168 165 88 17 188 21 45 123 29 142 192 161 127 66 39 15 57 11 99 91 187 18 50 193 89 167 160 198 110 4 107 122 111 79 112 73 44 195 46 38 115 86 75 132 90 60 48 80 85 145 78 47 98 82 19 138 200 43 126 116 34 6 180 104 84 51 189 118 177 56 94 30 5 139 10 20 155 178 14 141 199 92 64 172 140 37 97 24 128 130 197 31 8 131 148 63 58 13 33 22 16 53 83 153 143 163 7 106 125 9 71 108 41 72 196 152 150 81 68 158 174 62 42 109 169
137 194 175 198 149 67 131 96 188 6 85 44 89 29 102 37 104 70 19 97 1 45 47 91 36 187 181 145 88 116 165 130 167 189 157 162 100 8 125 114 161 121 174 99 132 59 171 82 54 199 109 103 124 164 147 163 148 26 50 141 69 144 17 10 64 77 101 158 34 190 32 183 21 166 31 83 4 113 120 38 95 192 15 80 12 195 71 115 186 2 143 193 117 108 92 151 200 63 169 81 56 134 128 118 57 136 27 90 184 172 72 51 138 25 28 86 139 20 66 5 76 112 126 87 14 74 133 152 49 41 93 176 106 98 170 13 135 42 9 79 155 24 11 58 22 173 177 159 43 196 39 180 178 33 75 62 127 48 179 107 140 110 119 46 111 160 154 55 52 18 122 94 129 68 60 185 53 30 197 153 142 191 3 105 78 84 40 61 168 35 23 65 156 123 73 7 182 16 146 150
161 188 146 100 18 99 114 41 10 102 4 70 170 49 117 75 156 101 32 130 106 111 192 167 129 78 131 42 9 21 23 65 38 140 83 124 176 133 6 93 159 94 155 151 79 185 153 103 60 27 173 166 118 196 68 58 20 121 171 115 90 147 24 11 157 98 15 85 72 1 39 66 46 112 195 88 143 97 107 165 22 45 132 59 14 145 52 122 183 12 125 181 123 180 35 179 62 95 172 105 36 54 109 40 67 190 57 33 128 116 89 34 5 187 69 31 19 25 189 136 73 113 200 26 158 91 162 53 152 110 61 43 80 138 186 178 30 55 29 81 92 182 169 141 96 150 164 84 163 37 48 184 148 2 154 86 120 63 44 160 50 142 135 139 74 76 126 137 87 104 194 174 77 198 47 199 51 108 144 13 168 71 17 193 149 7 3 134 82 175 191 28 127 8 16 119 177 56 64 197
117 81 34 127 130 113 181 59 159 152 25 145 103 64 182 111 87 143 76 187 148 51 124 164 89 31 120 185 52 104 91 14 13 10 195 73 188 99 112 157 72 102 20 166 115 198 78 48 146 178 29 173 42 139 19 88 158 101 193 141 82 118 98 186 68 7 163 12 63 66 190 138 21 80 144 28 53 16 94 183 194 131 41 126 132 75 171 40 35 27 58 83 170 92 174 168 196 1 142 156 44 200 17 56 133 175 110 135 61 90 184 169 11 107 191 38 43 74 55 161 96 129 37 179 46 123 77 47 79 32 86 85 125 45 108 4 153 119 122 180 70 65 172 71 62 5 160 192 49 18 30 140 9 93 105 22 147 155 199 67 50 150 6 116 162 84 149 15 95 137 197 136 100 54 114 167 26 177 33 176 69 121 151 97 134 57 189 128 39 36 165 106 154 24 23 2 60 3 8 109

# Women's preferences
142 123 200 174 34 73 85 17 114 149 101 36 51 163 139 13 186 181 164 122 49 80 37 198 69 94 136 100 113 111 132 89 91 46 7 145 11 33 90 50 24 159 82 152 112 79 176 26 165 197 95 195 109 194 4 138 158 110 12 44 60 199 160 57 39 97 84 183 119 65 35 146 115 116 182 64 157 22 29 155 190 54 179 81 131 137 67 143 32 6 58 3 76 102 61 96 147 161 151 191 92 99 14 18 68 141 129 178 52 40 53 9 59 162 83 74 192 28 71 175 108 168 117 47 56 70 193 5 106 196 105 171 156 104 43 42 8 23 41 25 86 166 63 88 38 184 170 154 121 15 2 169 127 144 75 124 128 172 48 87 140 133 55 126 177 45 78 93 118 188 16 62 130 150 27 21 167 98 180 66 103 77 20 189 107 30 31 148 187 125 1 185 19 72 153 134 173 10 120 135
44 122 4 106 161 18 55 79 53 89 61 110 102 65 100 6 8 1 12 125 192 178 167 141 156 22 196 49 31 176 20 133 77 72 138 197 97 73 24 171 168 78 200 42 162 187 147 135 75 131 21 149 153 28 113 64 169 114 129 51 90 45 43 94 93 189 19 151 40 140 99 199 85 3 181 159 74 150 62 15 139 165 177 68 76 13 142 29 146 117 118 108 71 63 83 101 17 198 82 172 47 173 107 186 66 104 69 109 81 183 174 116 191 30 25 26 158 130 58 96 126 5 115 144 175 136 84 37 80 2 14 121 190 145 10 27 160 87 48 46 128 57 36 180 155 134 41 170 91 137 182 34 194 56 60 112 127 35 50 164 154 105 179 54 92 16 7 152 148 163 124 52 143 185 33 32 95 123 103 120 70 39 166 38 88 132 111 23 86 59 98 188 11 67 193 119 9 195 184 157
21 175 68 122 72 17 192 141 111 30 54 46 25 113 69 162 163 11 193 97 130 61 8 105 47 34 173 191 99 109 14 195 138 81 177 153 42 156 159 36 100 119 70 129 32 139 154 79 63 180 4 140 89 152 6 18 41 160 82 169 33 31 43 26 171 123 170 149 125 106 57 131 117 128 67 71 39 142 78 185 16 75 13 168 133 55 9 181 28 73 35 187 65 178 101 94 108 182 155 197 115 116 200 120 50 188 45 22 96 88 29 151 165 49 157 196 190 124 19 85 3 12 176 134 132 7 5 56 126 15 161 20 51 95 198 93 179 143 83 90 52 2 74 87 66 59 184 147 53 76 114 62 103 145 91 84 27 40 44 98 183 38 80 48 86 136 60 1 23 158 92 150 144 37 64 110 137 174 148 146 186 24 121 107 127 77 58 118 166 194 10 172 164 104 135 167 189 199 112 102
122 178 155 47 121 118 84 10 93 148 21 168 40 58 96 20 32 135 18 14 76 42 150 33 146 145 127 163 192 50 69 3 165 26 124 8 37 49 106 25 64 123 132 144 35 180 30 109 19 197 5 142 7 149 125 160 167 103 112 51 22 38 111 4 115 81 87 66 79 13 173 99 138 70 143 151 157 28 170 78 67 107 119 176 86 105 89 73 185 172 133 158 190 53 198 45 179 90 126 88 74 94 31 97 6 44 171 177 23 24 194 128 181 113 120 137 182 141 117 95 56 59 36 162 34 52 175 183 16 161 1 110 98 75 108 80 154 54 174 140 134 2 17 116 130 195 9 169 184 27 48 29 46 85 153 187 199 65 92 60 77 57 191 43 164 188 101 72 100 200 166 147 186 189 62 39 15 83 41 102 11 196 55 159 82 131 104 156 12 91 68 63 71 114 61 129 139 193 136 152
41 125 135 83 102 106 153 6 39 178 33 97 129 10 43 30 25 73 104 150 84 98 49 172 118 120 188 162 113 133 92 155 23 38 117 156 70 149 114 58 128 196 62 130 159 53 194 60 176 88 27 51 48 69 132 173 63 141 185 76 61 81 86 183 195 174 67 1 105 186 80 142 147 12 131 45 4 116 144 7 71 52 74 108 140 181 124 3 170 168 161 65 89 163 192 56 77 137 85 37 15 166 200 101 169 122 151 164 158 64 160 157 96 165 75 46 177 138 8 191 136 119 78 189 79 87 112 146 179 32 21 17 13 111 31 29 44 24 198 82 110 167 95 190 16 59 9 34 107 47 18 28 103 100 2 139 66 115 187 99 90 197 134 93 127 121 19 123 55 14 171 175 68 145 11 35 199 91 148 72 50 20 36 54 57 152 40 22 109 154 26 180 126 5 94 184 143 193 42 182
90 52 116 85 119 91 140 147 183 29 166 54 11 172 59 105 61 56 131 55 191 176 84 110 153 190 73 41 68 28 200 51 146 65 13 69 86 163 129 136 179 45 98 93 126 7 15 185 18 118 60 177 39 95 174 57 184 78 87 62 72 10 199 196 195 158 142 53 165 152 66 16 168 109 128 43 30 83 2 144 99 8 186 14 24 58 149 157 77 40 80 94 113 67 1 192 170 122 187 20 44 26 23 143 107 42 19 189 130 27 17 123 120 47 9 125 6 38 88 132 63 96 64 108 198 138 48 102 160 193 124 106 141 70 33 134 197 182 3 112 180 139 164 145 148 31 181 151 115 34 175 35 4 150 82 133 97 76 121 32 103 162 135 36 127 178 101 25 12 50 89 154 22 155 100 104 188 74 137 161 173 49 81 46 111 114 167 117 92 194 75 5 169 159 171 37 79 21 71 156
31 184 22 74 119 75 26 187 45 43 153 149 109 150 124 157 69 195 118 128 42 148 4 151 146 185 67 101 139 58 104 110 105 71 23 138 24 32 166 197 44 172 63 20 145 117 3 99 6 126 154 54 70 188 179 90 95 140 103 57 66 53 15 168 111 152 189 96 9 191 162 35 79 60 123 40 49 132 171 19 46 178 36 200 141 160 16 82 1 29 34 183 11 114 38 62 5 165 156 13 125 177 163 91 136 100 147 14 25 78 47 72 50 92 28 106 108 88 10 27 144 61 173 8 17 193 192 21 115 181 167 182 176 169 155 97 98 196 190 102 113 68 2 41 121 131 159 175 199 59 94 87 65 64 12 85 7 142 170 143 135 120 18 30 84 52 83 164 186 48 76 80 81 39 161 127 51 37 137 134 129 77 180 55 107 33 89 73 116 122 130 93 86 174 56 112 194 158 198 133
136 152 108 198 87 95 169 189 114 170 79 39 126 23 96 7 86 164 134 144 69 41 21 139 166 18 89 25 8 78 19 38 17 58 6 100 162 174 63 112 137 65 62 98 74 145 52 73 28 125 173 54 90 82 37 127 177 76 200 181 151 153 120 117 14 122 64 32 133 22 171 48 71 158 130 186 165 140 195 101 197 81 179 49 29 92 105 150 61 109 88 147 60 199 50 167 16 123 182 20 148 45 161 131 160 85 115 15 12 72 192 163 94 172 142 44 27 34 175 84 156 26 24 13 30 46 178 70 9 184 132 168 10 154 111 93 77 3 51 190 185 146 110 35 194 67 183 124 43 157 107 129 55 149 159 33 138 47 188 40 141 42 36 97 191 1 193 103 91 106 99 104 57 5 180 2 66 128 121 118 187 119 196 102 56 135 80 31 176 53 116 75 4 113 11 143 68 83 155 59
180 19 183 56 14 140 144 74 77 122 125 184 115 102 3 33 30 8 146 96 37 167 104 46 2 151 114 171 82 126 154 18 110 108 190 6 75 132 84 48 189 92 72 42 29 34 22 17 139 39 165 192 52 70 107 59 85 130 32 149 103 127 11 160 134 35 36 89 175 198 38 62 49 173 138 158 61 78 90 68 170 9 54 148 163 177 71 91 95 44 66 55 76 141 53 168 24 81 187 64 105 112 13 129 87 40 43 120 137 16 178 153 63 133 174 21 26 169 57 164 143 123 142 83 97 109 197 27 121 93 69 185 113 152 131 94 15 45 162 193 111 145 172 50 182 12 31 176 10 191 116 100 60 119 186 166 199 117 98 7 136 200 124 88 179 147 181 161 80 5 156 118 188 99 25 101 195 194 23 4 155 150 67 20 41 159 128 65 106 51 47 73 196 1 135 79 86 28 157 58
65 168 183 130 184 138 18 164 198 25 166 29 50 79 157 161 119 100 117 40 36 38 97 89 134 17 123 21 20 196 158 115 32 13 114 92 14 199 148 16 109 185 172 180 70 167 139 41 106 143 4 150 108 174 22 84 80 107 85 47 192 30 182 86 5 144 24 45 83 44 176 68 128 131 181 58 160 28 33 94 112 55 173 179 87 95 26 140 82 73 200 60 76 127 67 39 129 141 42 194 88 126 147 103 62 6 132 63 155 163 3 153 121 195 146 151 152 74 175 162 7 136 19 77 43 165 34 169 187 125 35 159 178 10 145 101 69 110 197 120 102 75 52 53 111 116 186 190 133 93 177 37 12 27 81 170 66 46 188 99 1 91 23 171 15 54 118 57 122 8 71 11 193 78 98 154 105 64 31 156 48 49 149 104 191 189 51 56 137 59 96 2 135 124 9 142 72 90 113 61
61 145 70 74 30 165 13 150 58 87 89 103 41 86 155 54 161 172 137 131 25 65 43 35 146 33 6 91 97 114 151 140 178 115 168 171 197 134 94 126 44 39 99 193 194 183 148 152 79 82 62 154 23 121 95 37 174 45 185 64 141 101 20 180 71 50 120 18 144 177 118 38 164 156 42 72 12 28 92 122 143 19 93 98 125 124 60 191 24 8 36 102 16 76 83 108 57 4 105 1 192 104 189 46 128 153 106 188 163 29 26 162 139 80 176 77 190 17 160 5 149 196 107 27 21 47 135 32 14 109 40 88 173 112 96 179 9 167 52 7 56 81 170 199 147 67 187 129 84 181 198 110 22 157 182 100 63 130 142 116 31 49 184 158 15 186 48 123 34 159 68 75 2 73 169 85 111 55 119 90 133 66 59 3 51 132 200 195 113 78 166 175 138 53 136 117 10 127 11 69
165 46 15 72 21 6 167 186 9 146 136 10 67 99 59 1 169 176 2 97 25 177 160 121 80 172 90 50 48 51 135 94 12 28 83 42 38 23 139 69 36 88 166 170 107 82 192 57 120 162 18 188 41 45 112 143 53 65 138 52 13 24 92 119 137 152 191 175 111 39 49 161 98 81 101 58 22 183 102 29 123 108 126 149 198 63 179 195 44 103 184 26 17 55 189 14 158 34 60 155 124 157 180 145 71 110 118 134 43 125 156 174 64 3 5 79 164 141 62 199 122 104 181 133 37 197 19 140 56 33 31 178 194 47 96 70 127 128 116 144 77 193 113 115 40 171 130 16 20 151 185 163 95 54 154 91 89 93 153 106 114 7 86 61 11 75 105 74 66 168 35 147 131 8 84 30 150 73 142 200 76 182 4 87 173 27 100 117 129 190 68 78 85 159 196 187 109 148 32 132
27 100 54 139 107 15 109 78 118 69 82 98 164 105 165 146 134 8 138 19 5 145 88 29 89 3 110 152 47 80 192 34 114 188 200 59 43 137 160 65 126 173 76 141 26 155 131 157 6 16 68 46 129 37 159 14 75 79 84 132 197 87 93 74 195 50 91 86 178 106 81 136 71 112 127 186 57 31 92 124 169 64 22 25 72 193 185 33 4 94 40 123 20 36 62 183 120 119 187 102 38 156 151 167 66 39 30 70 2 154 176 103 174 168 35 113 190 32 52 182 189 181 179 125 97 147 67 116 171 77 55 17 44 170 115 194 1 48 11 128 177 111 56 61 49 163 13 73 104 42 180 45 53 162 28 191 21 153 51 142 96 198 9 199 7 166 90 140 130 133 148 135 10 108 172 18 63 196 158 12 99 143 101 58 60 150 117 149 184 161 24 41 83 144 121 175 85 95 23 122
64 101 69 72 139 160 97 148 51 60 115 164 145 62 15 177 104 168 35 110 37 4 57 180 128 137 169 136 108 77 151 83 33 21 166 88 8 82 146 49 89 98 158 105 9 22 2 135 40 113 193 56 38 19 59 142 122 54 152 30 191 125 172 121 80 20 47 5 92 179 149 90 6 52 174 147 161 79 133 198 36 100 76 187 93 27 159 154 61 130 73 143 94 24 25 162 153 178 70 124 189 71 41 29 31 13 182 194 197 44 175 3 184 86 45 156 119 12 74 81 138 42 32 7 163 48 196 26 117 140 114 111 131 23 39 75 16 11 46 141 65 50 165 112 157 28 195 95 10 120 43 58 107 55 185 155 66 67 109 123 102 34 18 87 91 186 1 144 192 188 118 96 171 167 103 170 116 200 199 176 99 150 190 85 68 14 63 129 127 84 134 181 78 126 106 132 53 17 183 173
71 193 130 163 28 72 137 191 124 97 167 182 32 60 133 67 77 18 132 186 172 194 150 89 183 55 126 83 161 101 44 10 120 69 66 58 17 196 158 79 149 190 165 80 95 56 140 181 176 138 31 21 143 59 128 86 27 142 16 173 135 50 26 192 100 152 7 13 144 78 169 70 199 42 76 9 164 113 93 4 127 156 166 147 107 96 53 34 88 51 177 116 136 5 121 115 91 160 139 25 170 148 180 8 105 61 43 54 145 41 123 75 129 155 68 35 48 111 153 3 146 118 184 98 30 178 74 49 94 159 47 179 154 99 24 134 195 188 19 20 119 82 1 110 11 125 141 112 175 151 2 29 81 162 37 15 122 104 200 14 36 168 171 39 174 85 84 117 65 38 108 6 131 87 92 185 189 103 52 57 45 198 102 90 187 109 106 46 23 64 197 114 33 157 22 63 73 12 40 62
104 57 136 157 150 117 130 48 85 20 162 27 51 146 75 5 193 192 80 31 58 28 103 59 102 42 186 69 82 35 124 81 46 54 161 34 174 30 53 119 170 73 70 105 23 178 199 79 137 166 44 37 191 88 196 24 179 21 168 71 135 32 194 94 113 40 183 171 43 14 13 149 65 50 200 139 107 132 11 148 172 63 115 100 159 87 92 45 118 68 181 164 153 184 185 187 26 129 131 60 140 112 126 122 169 36 110 9 84 158 1 108 173 134 144 114 78 142 195 154 3 123 111 163 56 72 16 17 160 33 7 106 41 29 116 143 38 109 83 138 121 4 47 101 67 2 152 98 175 6 120 95 52 147 86 39 198 76 90 99 12 77 66 197 133 189 128 165 74 188 55 182 125 19 167 64 49 141 156 97 22 151 93 89 176 15 18 180 8 62 145 177 61 190 127 25 155 91 10 96
134 6 15 124 125 94 166 147 135 161 80 111 115 5 31 51 171 199 156 68 196 93 163 19 37 69 112 100 53 82 119 1 92 91 145 7 50 162 120 12 133 192 189 106 127 70 142 25 13 47 89 33 165 40 4 81 113 114 67 118 182 3 167 160 193 9 77 131 97 45 78 87 107 28 198 137 158 27 172 102 105 117 139 64 159 42 41 8 186 122 116 104 88 36 84 73 129 2 43 151 177 59 191 57 175 169 75 18 17 103 22 74 128 58 180 48 190 185 26 130 86 176 76 181 183 72 24 30 173 144 65 170 71 35 14 44 109 187 140 85 195 60 194 153 132 34 136 101 83 11 197 154 123 143 63 20 55 184 62 95 54 49 200 150 108 146 23 174 29 126 178 39 188 148 164 110 66 98 179 16 52 157 21 10 38 90 46 32 121 152 149 155 99 96 61 138 56 79 141 168
172 109 27 146 137 72 13 58 155 179 89 70 188 15 141 108 117 3 94 62 96 189 194 17 123 41 69 198 101 167 53 171 199 90 121 91 175 12 111 4 143 168 148 31 176 75 112 187 152 29 8 36 21 169 45 133 92 5 134 156 39 127 139 80 103 196 47 162 178 174 200 105 197 35 43 182 97 33 56 87 192 6 66 50 9 52 104 184 153 82 38 124 138 185 173 131 11 166 98 81 34 113 18 144 25 51 195 150 145 116 57 120 170 110 68 186 149 119 190 122 180 125 85 93 7 177 61 67 147 16 132 159 71 59 76 142 114 22 126 2 154 64 37 44 100 65 88 60 32 46 1 191 193 73 181 86 78 48 99 42 74 106 24 14 102 183 118 77 49 10 128 84 23 26 20 163 129 79 136 54 83 115 95 63 151 161 40 55 30 165 160 157 107 158 164 140 130 19 135 28
54 24 122 111 117 179 20 141 185 115 184 43 146 143 89 1 135 34 149 29 13 71 124 17 90 91 95 170 22 66 197 37 110 15 199 86 186 165 191 72 35 106 67 96 59 68 12 187 73 9 152 60 173 198 114 142 46 83 147 52 53 74 45 126 175 169 5 196 109 3 87 189 127 138 105 172 10 98 63 88 158 150 153 128 125 113 93 188 108 76 174 85 82 163 157 177 183 195 40 181 50 136 58 6 103 57 55 69 200 164 131 97 123 120 41 18 2 21 100 162 151 193 176 62 51 121 23 102 145 171 33 4 65 47 75 61 44 137 178 92 161 56 36 155 133 16 168 26 25 7 144 30 192 49 81 167 148 70 80 107 27 156 84 118 99 64 32 154 48 119 38 139 19 140 77 160 94 104 101 134 132 129 190 112 79 180 194 166 130 159 14 39 11 78 116 28 8 182 42 31
192 128 88 37 106 115 47 174 56 160 71 36 24 79 129 83 151 12 124 10 111 69 109 50 74 183 153 146 176 125 45 17 22 132 119 98 59 184 139 35 99 7 156 135 39 20 81 196 195 32 134 16 100 38 189 191 29 188 58 5 8 114 62 194 41 177 112 102 105 68 163 57 11 67 138 178 70 28 23 136 6 60 65 93 54 131 34 171 158 147 113 31 63 133 155 116 101 43 172 78 94 122 159 52 108 55 104 30 137 14 141 40 185 126 169 4 13 91 190 118 181 46 161 85 27 53 75 25 76 90 18 150 9 187 162 26 87 86 95 42 44 144 166 72 170 66 154 92 193 84 3 140 199 198 33 164 107 130 97 117 180 51 103 165 157 148 73 145 77 142 143 179 96 123 127 1 168 121 2 89 15 120 182 80 64 82 49 167 197 173 48 152 200 175 110 186 21 19 61 149
99 177 42 143 31 183 130 2 101 158 132 173 139 30 46 39 129 14 154 70 160 194 45 110 120 100 19 8 25 51 113 107 18 24 178 105 198 122 56 193 58 37 140 40 131 199 144 111 23 7 149 116 16 179 184 96 128 187 26 43 138 155 148 152 180 90 81 89 145 169 167 88 44 41 191 182 15 47 84 5 170 114 125 36 157 21 82 83 112 172 150 74 108 11 69 142 104 153 10 85 136 62 65 28 9 186 57 95 181 168 63 59 161 134 118 135 64 71 151 174 124 190 77 98 103 67 91 20 97 126 22 164 119 195 92 60 176 38 192 13 200 78 117 86 94 87 61 32 52 29 75 4 159 1 102 76 175 188 185 93 106 12 27 34 166 79 53 55 66 127 80 189 49 72 6 33 171 54 3 123 147 156 146 73 196 48 50 162 165 115 137 121 141 163 197 17 109 68 133 35
137 56 189 93 64 20 123 195 171 78 26 172 170 101 67 200 27 41 1 194 96 22 191 12 5 149 122 140 177 46 179 147 95 51 112 59 31 91 47 88 121 81 131 141 24 146 156 23 17 58 53 168 74 119 50 188 86 145 98 84 44 63 161 14 166 187 118 155 103 109 52 144 19 184 190 99 13 136 183 150 83 153 8 130 132 196 62 79 125 68 55 102 49 40 158 143 107 148 97 29 38 85 37 197 7 113 181 42 139 157 30 2 100 115 60 65 198 164 154 199 11 61 54 163 186 34 193 16 128 77 75 33 111 39 70 66 108 134 21 124 105 110 142 160 162 25 72 4 180 126 94 114 169 104 76 45 32 18 127 80 159 6 71 3 36 178 192 9 28 35 165 43 151 138 135 129 120 117 106 174 152 182 133 116 10 73 69 82 173 57 87 185 90 167 175 92 89 176 15 48
142 162 13 10 65 112 123 122 91 1 96 187 118 11 57 77 87 21 111 193 134 51 169 39 185 29 26 135 97 60 102 49 84 116 127 120 59 174 182 194 145 107 19 175 23 78 15 119 163 74 184 157 186 171 99 124 114 192 133 100 130 179 25 18 125 2 56 69 198 79 55 143 5 161 90 129 73 149 154 140 62 170 101 61 196 24 180 17 38 34 132 141 58 115 88 75 12 110 117 92 160 6 41 190 104 108 44 4 67 121 199 83 146 43 148 139 86 191 128 195 66 45 153 200 76 48 72 89 131 165 50 47 183 156 155 159 151 16 95 181 136 188 40 138 82 172 54 158 85 71 137 22 106 37 70 177 147 197 28 105 32 31 178 81 35 176 144 52 94 63 168 113 109 166 42 68 80 173 20 46 33 93 9 14 53 150 167 103 189 64 27 126 3 98 8 36 164 7 152 30
80 121 26 51 116 192 138 160 104 48 171 20 39 126 10 33 2 140 66 98 195 135 111 139 88 19 125 89 81 12 137 189 106 31 61 184 188 108 14 124 43 183 194 148 199 166 75 114 132 95 182 169 29 198 58 190 9 103 129 8 23 53 133 97 90 73 187 83 93 25 174 109 145 134 41 185 180 168 35 120 170 144 57 102 162 22 46 200 156 82 161 141 84 62 5 112 78 172 177 17 149 18 1 181 3 191 164 65 154 49 71 21 11 13 47 85 44 151 159 94 123 6 36 86 99 4 157 70 105 119 27 100 122 142 196 54 55 42 7 72 38 193 59 179 186 113 37 74 127 28 50 115 45 30 130 117 158 91 155 79 87 165 107 146 68 152 128 24 110 63 197 92 147 143 118 40 69 67 136 131 153 163 173 64 77 150 178 175 60 167 16 96 34 56 15 101 176 32 52 76
9 110 77 170 148 12 124 192 131 48 31 104 160 113 171 11 189 174 86 50 114 157 169 56 167 137 116 26 69 166 2 68 182 75 107 21 78 24 33 154 27 59 36 163 3 60 128 155 49 46 28 126 62 103 145 98 82 99 100 85 25 159 91 79 19 52 180 111 109 35 71 125 40 191 151 37 127 158 198 102 193 65 92 58 17 136 95 94 53 141 173 23 178 80 38 6 142 194 13 97 74 105 76 139 108 147 199 129 42 162 101 149 67 195 152 64 55 70 81 66 57 187 130 132 29 122 188 165 44 183 87 120 18 73 181 112 15 138 186 4 143 43 51 175 115 93 118 30 90 119 200 84 20 54 61 34 10 184 146 83 153 63 47 89 72 150 134 32 196 22 123 161 168 144 8 45 185 121 16 190 1 5 140 106 39 135 7 179 164 156 96 172 117 177 176 41 197 14 88 133
45 179 92 119 114 27 153 181 38 43 133 182 51 16 139 109 85 132 29 80 180 147 3 171 107 22 9 23 61 14 97 73 170 81 137 71 120 15 58 195 200 68 184 108 20 185 144 112 74 167 10 34 183 141 28 33 77 177 136 21 189 138 169 39 122 62 178 192 24 194 59 65 150 134 83 143 72 50 26 146 159 63 191 116 91 156 5 104 162 166 175 174 49 110 155 102 99 135 197 158 176 196 123 103 93 173 78 87 145 35 129 164 56 42 66 76 17 25 84 44 152 82 127 32 125 117 106 160 69 187 8 53 12 105 55 126 86 193 157 6 98 163 154 47 79 165 60 95 30 90 148 130 118 168 142 7 2 199 40 19 48 190 186 94 37 31 128 88 54 121 41 172 57 13 36 188 111 46 149 101 96 115 131 18 89 100 52 151 161 124 11 75 1 198 70 4 140 113 64 67
59 92 130 140 137 4 43 196 184 58 72 28 183 53 104 38 79 155 51 199 182 20 57 186 181 139 105 50 110 61 64 41 200 189 135 190 97 109 115 164 44 55 17 162 39 27 13 192 118 63 7 154 132 123 23 136 45 9 24 180 84 147 170 42 159 146 46 52 121 34 66 15 14 11 152 176 31 73 82 70 86 25 185 102 153 156 21 32 161 75 174 160 166 40 18 62 49 8 5 149 163 197 158 68 145 30 87 157 177 191 106 134 142 78 114 54 6 89 47 128 198 150 10 56 1 175 143 71 77 93 120 37 125 178 35 127 133 138 74 16 193 187 194 48 83 85 172 112 36 88 129 3 33 91 144 12 101 195 65 165 99 111 122 96 169 116 126 173 168 113 95 80 103 26 22 148 60 151 141 107 81 76 2 100 98 179 167 119 188 29 69 171 94 19 124 117 108 90 67 131
140 95 86 129 172 38 131 92 157 58 122 141 40 52 151 74 183 178 14 168 6 89 53 27 65 72 136 170 146 119 130 84 184 59 186 144 171 123 29 116 128 23 160 154 161 115 103 62 80 162 143 57 54 88 22 142 16 78 85 43 82 190 177 106 76 180 175 90 1 35 165 18 4 60 182 75 134 66 167 150 28 102 132 48 96 63 194 45 120 137 100 99 19 8 21 110 113 9 191 196 97 77 104 153 64 83 7 114 166 200 12 69 126 31 42 174 50 17 149 179 37 148 67 5 46 133 164 55 61 56 105 195 87 185 25 10 39 47 107 70 193 188 98 91 71 11 147 192 94 32 158 26 41 117 139 173 3 33 81 159 15 169 20 127 197 2 24 13 156 145 124 112 49 118 187 125 30 93 135 198 36 73 138 176 101 51 152 44 181 108 121 163 79 155 109 68 34 111 189 199
183 147 73 35 87 3 175 164 10 103 102 136 120 104 127 11 131 179 190 184 109 39 50 94 160 128 198 193 77 17 133 79 36 113 32 107 30 83 141 191 153 45 67 5 188 173 59 161 186 182 144 111 68 148 143 15 96 99 27 72 80 126 134 4 106 40 194 97 200 53 90 52 37 43 135 61 82 105 44 174 124 55 95 123 76 88 2 6 158 149 100 25 28 78 118 14 62 86 129 70 58 110 168 7 196 117 125 189 31 132 92 51 169 152 20 178 60 8 185 142 91 156 98 162 21 19 33 24 150 42 197 137 75 69 138 176 140 187 177 65 71 1 170 151 84 101 9 46 48 108 171 22 181 180 23 119 81 93 192 63 166 89 114 38 167 154 29 116 195 12 172 155 34 18 145 56 49 122 115 74 47 130 85 199 157 139 159 121 41 112 13 146 64 163 57 66 54 26 165 16
8 200 139 128 50 63 146 162 94 77 181 150 148 25 126 61 127 178 6 137 105 195 2 45 176 197 119 98 155 10 103 76 138 83 131 26 96 122 90 17 92 13 161 30 169 44 47 112 31 11 54 172 115 86 135 184 166 185 188 108 191 16 149 183 58 81 124 99 19 71 173 136 62 74 22 196 113 187 75 141 42 186 193 153 21 109 53 134 27 100 82 168 158 1 114 104 29 72 89 107 78 143 129 56 116 192 142 157 65 156 198 4 182 88 175 147 64 97 38 160 130 28 120 69 60 170 132 14 179 85 111 118 7 67 35 101 177 194 9 180 43 154 49 80 39 93 52 5 32 167 144 152 46 40 174 57 20 140 171 121 159 190 15 55 79 110 37 73 18 199 12 106 102 125 59 34 165 117 51 95 163 151 123 91 87 68 24 84 33 48 41 145 3 23 36 164 66 133 70 189
131 73 177 101 42 186 97 27 112 67 65 115 93 117 152 190 122 110 135 105 54 6 7 198 165 175 123 95 30 22 114 57 88 92 189 148 192 181 173 51 174 34 130 151 81 86 185 17 111 128 170 72 79 9 143 29 36 113 132 58 4 124 104 87 76 100 136 161 164 37 137 10 48 116 120 66 91 33 31 68 146 38 196 28 44 176 60 11 103 134 84 14 98 96 106 200 133 89 90 74 52 163 82 138 188 154 85 191 126 109 3 78 45 80 119 15 197 5 169 145 55 118 193 71 16 187 159 12 125 43 21 46 147 75 194 141 178 63 50 19 153 39 172 184 62 40 2 156 47 94 129 25 56 99 20 180 158 41 24 1 142 157 162 199 155 167 127 53 166 35 18 150 108 121 69 49 149 102 32 8 183 64 140 26 61 168 179 195 139 144 13 70 77 171 59 23 107 83 182 160
81 97 118 107 104 76 198 13 151 34 37 178 36 177 69 128 27 19 10 95 53 68 15 100 70 45 52 90 163 116 193 184 28 180 23 117 74 133 144 190 166 48 172 108 41 152 153 168 61 78 122 161 142 113 62 132 3 39 40 169 160 167 105 50 197 55 80 121 170 9 96 12 14 47 173 17 31 140 141 109 149 24 71 18 32 91 155 137 59 188 57 21 123 157 162 92 98 131 110 165 158 150 38 85 175 146 119 112 148 125 156 84 143 135 94 187 63 79 189 192 33 65 64 101 30 139 58 126 176 196 42 194 129 67 1 171 83 183 8 88 16 199 72 134 20 51 93 4 73 6 54 87 124 185 77 147 11 159 164 5 60 114 179 44 66 102 182 49 86 25 82 46 2 154 35 106 138 200 111 181 29 130 115 103 22 26 7 174 127 99 195 56 191 136 43 75 186 89 145 120
46 168 165 64 115 80 28 169 38 158 7 134 96 105 127 58 139 6 23 155 138 73 108 181 33 9 89 164 4 82 84 95 133 81 152 101 70 156 167 106 67 197 3 198 24 62 177 60 74 36 149 175 125 76 27 153 132 88 163 57 200 13 100 185 48 12 161 174 15 77 114 104 183 126 172 14 131 21 140 1 176 97 29 43 110 148 178 22 52 111 179 54 94 71 186 123 31 154 17 141 112 102 51 98 144 41 30 72 75 32 166 136 18 159 117 196 37 50 99 173 68 142 78 92 26 55 86 191 147 63 190 66 162 5 121 195 56 157 44 160 45 128 129 93 61 122 170 192 135 193 137 47 151 91 16 39 49 83 35 118 199 42 130 182 180 59 90 65 2 143 53 171 184 194 11 120 187 20 85 79 109 116 188 40 146 10 124 25 8 189 103 145 69 34 87 150 19 107 113 119
173 147 43 80 71 37 89 28 189 155 192 38 117 145 154 156 82 64 68 115 23 135 179 21 73 131 42 34 164 27 101 56 94 124 150 47 122 91 158 29 39 112 98 109 52 140 3 200 97 105 59 108 86 48 17 191 88 26 141 118 12 60 8 128 30 66 85 110 137 142 144 33 133 6 125 152 25 18 168 41 22 181 106 92 75 185 11 177 35 10 198 175 134 121 5 183 90 186 63 148 9 102 103 130 116 14 78 40 58 178 32 132 197 138 111 139 49 4 199 15 50 76 174 162 54 180 2 107 69 19 188 182 79 149 99 196 169 77 104 184 36 24 187 7 161 51 84 163 44 143 120 87 13 61 190 172 123 72 57 176 20 95 67 171 81 119 16 1 62 93 31 146 166 96 127 136 159 160 167 55 83 53 113 194 195 114 129 153 151 46 74 100 170 65 45 157 165 126 193 70
140 62 186 69 115 24 144 13 104 176 102 89 74 6 66 16 166 53 51 39 90 87 134 19 50 171 25 9 97 164 1 124 119 170 149 131 135 168 77 188 107 67 94 73 116 172 174 57 177 143 64 28 60 150 189 18 126 12 41 127 191 130 175 98 157 86 96 173 198 85 158 111 71 106 145 22 10 91 20 46 163 33 63 29 93 103 47 182 58 141 133 76 162 159 32 83 200 167 183 31 48 52 42 30 184 78 117 122 65 193 38 132 45 190 110 17 195 113 3 68 14 118 37 139 147 40 49 36 43 181 34 75 197 185 160 23 199 21 84 125 178 101 120 79 153 55 108 4 109 99 105 142 92 136 35 7 179 192 61 15 146 194 72 2 82 27 138 70 155 56 151 95 11 26 161 80 187 5 112 114 100 54 137 165 154 169 121 148 123 128 81 88 8 59 152 44 129 156 196 180
147 171 144 199 12 168 138 84 185 118 174 55 126 3 104 122 193 38 88 24 61 103 183 58 97 67 35 36 50 133 89 161 139 148 85 188 76 71 119 141 92 94 177 100 66 21 77 163 195 29 169 1 132 167 150 179 28 62 156 72 10 2 30 4 191 81 106 9 142 95 159 82 32 25 200 69 87 113 83 48 129 198 153 116 196 173 7 137 146 178 26 109 164 182 79 15 65 33 157 8 194 190 39 45 166 40 162 114 165 44 123 110 125 117 149 101 59 140 180 192 93 151 54 120 31 145 172 176 41 152 121 57 143 51 5 47 14 111 108 64 78 136 23 197 75 96 160 187 60 52 181 13 99 22 124 17 27 74 11 130 56 170 155 90 98 46 134 184 115 49 127 175 128 154 135 18 20 105 68 53 63 102 189 37 91 131 16 70 6 43 112 186 34 80 19 107 73 158 42 86
115 104 30 110 4 119 79 178 34 93 106 28 103 69 198 159 149 120 84 142 58 154 75 199 132 56 117 114 11 163 73 118 147 108 43 130 91 168 49 186 1 41 47 177 25 48 173 16 190 167 20 38 36 185 57 112 188 100 27 54 24 21 70 131 146 74 192 9 193 164 51 113 7 46 162 161 105 141 52 72 98 26 171 145 170 158 122 176 23 42 124 45 123 50 133 102 134 17 128 191 63 96 166 39 153 29 13 53 14 143 87 6 55 137 90 35 31 64 82 107 5 187 140 62 60 10 183 80 15 165 148 33 139 88 175 126 109 59 196 116 157 182 32 12 89 125 121 129 180 3 156 66 85 94 200 127 97 135 40 78 44 95 19 67 8 2 179 61 37 83 65 111 189 76 169 101 81 71 181 18 150 160 86 174 99 194 92 195 77 151 184 172 152 22 155 144 197 136 68 138
19 36 139 10 60 34 54 114 163 175 183 146 123 154 137 46 144 8 59 119 37 138 159 197 101 56 86 95 165 69 7 76 122 71 82 64 133 84 16 182 150 12 166 158 132 134 62 83 75 25 102 98 41 81 52 79 164 152 149 87 6 92 33 136 13 181 77 26 74 116 18 85 170 43 55 115 70 32 112 20 66 72 186 11 131 44 30 88 143 184 162 153 173 113 57 110 23 68 118 17 97 111 160 27 168 172 96 155 148 196 141 142 140 128 1 9 103 40 180 78 99 192 38 94 80 191 48 117 126 91 194 121 107 90 49 106 4 50 45 39 108 167 157 187 174 93 200 5 120 63 171 129 177 24 28 179 178 125 29 3 151 104 73 199 169 31 2 61 35 65 188 21 145 185 176 47 189 100 53 67 14 195 127 42 89 15 58 109 198 22 51 190 105 156 161 130 193 147 124 135
149 122 195 21 182 181 101 200 94 74 83 126 6 24 49 141 67 146 87 72 32 169 183 112 172 173 8 17 142 115 184 38 147 192 55 98 165 157 163 109 196 135 40 82 58 11 65 132 108 140 197 46 119 78 164 178 138 1 9 29 60 179 137 190 99 167 30 42 189 80 54 4 118 20 124 37 97 15 161 50 193 153 47 134 176 27 175 127 66 57 52 45 77 48 90 12 174 144 5 121 136 3 123 81 194 56 133 70 158 93 10 51 111 53 187 198 62 59 168 125 191 180 145 96 110 86 25 76 68 79 34 7 156 159 28 100 35 43 131 36 89 152 113 91 105 22 103 63 23 148 69 106 128 114 120 151 71 31 84 171 2 44 170 166 61 130 154 41 92 186 19 155 139 75 160 73 39 199 102 33 18 185 16 143 117 129 104 95 14 64 188 13 88 162 150 26 116 107 85 177
117 95 103 10 48 183 53 195 93 134 57 72 193 107 16 92 59 1 187 190 106 180 51 90 83 8 150 143 56 157 96 98 125 198 102 61 169 43 115 31 40 50 86 173 139 197 159 104 21 178 34 47 144 138 160 94 3 28 171 182 67 132 44 69 161 18 122 118 58 126 194 87 37 136 22 124 165 149 39 77 89 100 6 75 12 176 121 147 167 23 156 164 119 162 172 17 38 45 192 26 112 142 29 177 140 64 49 111 41 68 146 114 27 199 36 78 71 5 135 123 105 30 74 97 200 166 148 73 128 80 60 113 196 66 82 130 155 54 116 158 174 19 7 11 191 120 163 175 99 76 24 4 79 14 179 84 145 9 181 131 184 189 81 33 108 188 46 151 35 25 55 85 42 15 32 185 110 129 133 91 13 170 62 127 137 168 141 109 70 88 152 2 153 186 65 101 20 63 154 52
194 43 51 11 109 103 143 76 68 111 77 134 12 117 165 28 38 33 3 99 36 71 154 6 178 179 1 138 60 139 85 79 200 186 151 146 22 66 72 21 182 140 24 173 147 52 90 86 177 50 100 62 180 13 135 149 198 170 196 75 145 174 158 122 89 63 23 133 189 96 34 184 167 197 65 26 130 2 118 53 8 163 5 64 112 37 55 132 101 10 148 168 30 32 162 56 95 41 105 102 98 14 47 119 192 128 7 74 78 108 84 164 155 18 42 110 185 150 137 106 153 87 125 141 39 93 199 91 46 166 187 175 81 80 25 94 67 123 159 73 188 49 17 120 191 83 157 45 195 69 44 29 124 172 126 169 97 161 193 54 4 61 48 160 129 92 176 70 190 82 114 136 40 16 59 9 183 156 142 144 171 181 35 152 19 127 116 104 115 113 88 15 107 131 121 20 27 58 57 31
193 29 118 35 30 159 34 152 142 86 44 120 177 21 2 59 63 117 9 180 5 181 87 83 116 110 108 127 105 31 155 153 113 174 91 15 158 126 76 42 145 66 37 85 119 156 173 80 4 140 20 64 198 123 16 195 128 33 73 192 162 170 11 61 148 6 96 132 164 183 26 137 10 146 134 28 179 51 171 77 150 169 97 188 154 151 74 133 99 125 104 109 94 161 200 112 57 182 27 81 38 50 141 69 53 70 23 199 68 197 47 124 160 100 19 165 12 18 187 56 92 75 166 102 107 55 13 191 163 98 115 79 3 78 84 184 122 111 39 130 41 52 8 175 103 196 60 14 172 67 22 168 136 138 82 43 139 17 190 95 88 71 93 129 186 65 149 62 90 189 101 1 131 36 58 45 24 194 185 46 40 157 32 49 147 25 135 106 48 178 114 144 121 72 167 89 143 176 54 7
37 150 186 36 179 145 6 136 14 173 154 112 113 172 195 168 101 99 88 77 53 189 115 60 34 8 178 123 25 184 166 67 81 105 165 133 17 32 42 128 78 103 124 58 175 170 142 61 180 39 183 161 94 87 92 48 31 122 49 176 137 3 62 43 149 117 54 109 106 84 51 116 148 143 79 139 130 83 97 193 91 65 24 199 194 23 75 181 93 141 146 73 22 9 95 102 147 41 104 156 59 177 11 167 64 187 174 26 159 29 30 129 70 33 13 153 56 144 182 125 171 120 155 45 134 127 85 63 132 162 96 44 119 138 18 151 118 4 66 69 89 50 196 55 40 71 46 15 90 111 20 38 57 121 82 74 158 140 126 185 190 7 19 72 197 35 192 28 160 200 198 52 86 191 157 68 114 27 164 5 152 108 76 2 100 47 16 169 12 107 188 98 10 21 110 135 80 131 1 163
45 134 94 179 192 199 21 173 29 50 119 4 30 139 151 115 166 84 103 108 83 98 105 162 10 153 182 142 53 110 64 195 73 178 194 185 89 161 68 24 39 80 23 107 116 129 49 163 91 177 96 11 88 200 93 58 22 171 5 36 42 79 186 106 41 59 9 111 122 90 26 176 13 95 7 183 126 117 141 112 145 48 187 62 43 78 51 18 154 197 128 47 157 100 160 40 133 37 180 75 87 69 140 17 46 20 193 155 188 77 67 56 25 118 189 175 138 1 159 169 34 61 144 113 109 38 99 190 135 149 57 35 114 2 137 104 97 72 76 123 54 156 85 102 148 71 130 136 101 92 165 52 181 3 196 174 32 164 19 184 146 60 147 121 66 74 65 124 14 158 16 27 44 125 120 55 198 143 31 81 8 150 191 28 170 127 131 172 70 15 86 6 82 132 12 167 152 33 63 168
2 141 35 172 23 102 41 46 127 184 37 114 154 17 162 126 91 166 44 40 67 178 136 146 175 7 15 5 57 150 177 104 181 12 93 182 50 11 32 39 179 49 61 112 58 95 174 10 78 77 24 132 51 70 135 143 62 96 105 1 20 73 140 92 124 33 56 200 164 3 142 97 86 159 195 171 158 54 59 28 36 8 30 144 173 48 43 111 101 45 90 13 131 199 151 4 183 165 167 75 193 74 34 115 188 145 66 69 83 196 163 98 63 152 22 16 120 169 147 134 19 125 138 107 71 21 89 191 84 187 38 168 190 108 113 85 68 161 31 153 79 64 106 189 47 119 156 82 194 26 192 109 198 197 117 130 129 27 42 122 185 55 72 160 110 81 128 29 76 180 133 14 186 149 139 103 53 121 88 6 65 176 52 170 9 25 99 157 60 116 123 148 87 100 94 80 155 18 137 118
104 23 77 192 39 34 156 136 73 72 164 85 170 187 25 98 112 99 69 64 47 13 63 108 165 194 93 78 2 100 132 174 186 79 59 36 121 86 173 200 159 44 172 65 53 96 89 81 68 94 141 11 70 71 110 48 185 101 150 42 117 92 130 67 119 116 87 8 20 129 162 148 61 4 33 160 107 153 24 135 146 138 14 193 139 80 56 144 88 169 140 21 128 155 177 190 133 176 43 17 62 35 131 199 168 134 9 74 30 82 126 10 32 147 45 95 19 5 57 114 109 22 142 145 198 51 60 157 125 158 54 137 7 188 181 46 161 106 3 84 55 184 149 27 154 115 40 29 113 175 123 38 189 120 182 102 105 26 52 196 76 12 167 97 90 41 197 66 6 58 75 122 28 163 1 103 50 195 143 31 118 127 178 111 15 152 183 166 91 37 179 191 151 49 83 180 16 18 124 171
187 50 177 70 61 53 143 44 133 30 11 62 149 78 40 164 38 120 26 27 84 37 21 60 148 131 158 125 31 157 74 118 5 76 165 126 47 28 106 114 83 25 162 4 116 156 123 174 54 46 110 171 154 176 91 8 85 73 167 59 139 55 92 200 42 199 67 138 2 80 63 15 105 155 183 16 71 170 166 113 186 77 101 142 195 129 72 79 121 57 188 22 97 196 68 35 14 1 13 66 108 95 191 58 100 34 172 87 135 19 104 119 32 43 163 145 169 90 152 132 194 185 184 36 130 12 98 107 180 141 29 197 109 190 159 6 136 146 147 189 51 117 175 18 56 161 65 134 122 52 181 20 93 115 178 124 23 198 17 89 86 48 99 9 7 111 81 64 192 39 153 102 193 82 45 168 112 182 140 179 150 151 173 88 49 33 24 75 69 127 137 103 144 10 96 160 41 94 3 128
97 13 125 158 64 112 84 118 81 130 166 62 17 195 188 189 57 43 28 4 163 7 53 12 8 164 144 10 52 119 170 152 141 138 24 85 200 47 27 194 184 114 183 143 196 117 9 122 3 88 60 134 71 41 22 72 86 98 190 156 113 14 199 131 191 30 44 181 167 153 115 69 80 178 18 198 90 59 104 54 77 103 92 116 120 147 109 50 79 173 142 23 76 124 193 161 73 46 68 137 172 182 87 19 36 105 82 35 135 29 185 5 40 32 168 133 123 110 179 165 192 96 128 16 51 140 42 65 139 93 94 56 157 106 48 171 66 151 174 155 38 121 169 187 33 34 49 197 145 37 99 136 11 175 70 159 26 75 102 146 129 61 78 15 89 160 148 74 6 55 25 162 132 126 180 101 108 31 127 91 176 107 95 111 67 21 58 63 1 39 149 2 100 45 20 154 83 186 177 150
83 78 108 153 125 188 185 169 114 100 133 2 177 178 71 91 10 128 138 168 90 150 155 141 42 199 148 79 187 82 62 18 67 4 130 52 12 29 174 36 103 175 180 182 119 160 19 56 132 189 146 15 6 144 27 46 192 139 179 149 109 126 156 129 88 196 95 38 184 54 11 53 97 41 20 7 17 31 44 197 110 105 94 74 50 8 61 157 40 77 113 85 137 32 72 186 118 81 136 172 60 162 86 102 96 98 3 176 104 23 39 112 145 107 70 63 69 99 151 51 106 75 30 154 190 164 92 200 9 111 80 195 26 24 48 167 135 134 28 43 13 87 171 158 181 147 117 47 116 123 127 93 33 68 161 34 58 152 55 84 194 37 73 49 57 173 89 159 122 198 115 140 165 22 5 101 45 143 120 64 65 131 59 142 1 76 16 170 21 25 183 14 193 35 163 166 124 121 66 191
36 180 19 79 58 80 118 128 18 175 72 44 100 160 141 67 174 159 108 168 195 104 121 199 158 71 137 8 169 144 78 176 55 6 31 94 163 54 143 98 29 73 21 138 75 197 87 37 63 13 49 23 196 14 140 188 113 166 52 112 95 123 200 48 177 38 187 16 59 129 20 120 35 125 149 146 148 34 92 5 97 74 178 135 194 136 24 152 127 81 10 192 134 167 122 147 179 157 156 184 164 39 2 9 86 27 7 42 185 110 69 43 99 193 103 50 139 106 154 93 116 155 181 57 64 62 182 115 96 142 111 60 84 61 53 198 56 161 17 85 40 119 32 117 30 89 12 51 133 77 33 90 109 101 183 76 165 45 41 70 189 124 132 91 173 68 1 3 131 170 4 172 162 26 114 190 145 11 150 65 28 88 151 186 126 83 22 82 47 102 15 153 107 171 105 130 46 66 191 25
6 112 147 180 171 73 154 33 30 168 152 108 175 26 55 45 19 95 65 8 141 184 117 91 2 144 80 22 177 145 126 96 134 178 79 60 146 27 49 114 161 127 104 40 109 71 88 57 188 143 165 39 12 142 196 36 59 50 102 43 169 1 13 148 4 63 193 116 195 132 29 173 182 72 44 97 186 111 153 160 46 76 120 48 83 81 136 35 68 110 78 18 89 11 62 156 130 138 37 69 70 98 185 163 9 21 128 54 34 105 61 139 151 197 158 125 137 176 106 90 172 190 32 74 191 85 7 3 123 135 75 84 25 99 47 23 157 194 133 164 93 86 183 121 118 113 181 140 192 42 124 41 159 107 189 64 122 51 94 53 24 28 129 198 170 166 119 131 115 15 67 199 20 174 92 14 31 38 100 52 187 167 16 5 56 103 200 87 155 162 17 82 150 10 149 58 66 77 179 101
9 132 134 103 159 101 42 14 7 119 109 154 152 23 36 26 176 170 135 174 2 146 98 198 8 178 127 19 48 166 160 64 149 88 25 24 92 87 187 102 183 116 173 6 11 96 199 169 18 155 52 120 122 104 22 91 180 37 113 16 193 156 5 86 66 34 124 70 32 94 107 84 93 182 145 157 184 45 118 68 90 79 27 189 142 171 131 106 39 164 12 72 78 15 130 41 95 121 69 195 185 49 200 31 58 188 168 46 35 10 162 179 177 73 133 150 62 80 197 54 172 17 61 33 191 138 117 196 194 140 158 43 83 13 81 74 190 181 53 75 186 56 47 192 89 20 30 129 44 111 40 38 148 123 51 59 105 147 71 161 114 77 60 57 63 85 100 76 163 99 50 97 110 141 137 115 55 151 21 112 128 65 67 126 153 125 108 175 143 165 144 1 28 3 136 82 4 167 29 139
69 137 145 37 116 70 83 17 185 56 44 82 100 63 114 54 29 180 8 127 138 181 113 151 68 25 193 188 154 42 20 197 66 175 125 23 2 107 92 53 51 14 34 28 10 93 160 40 62 26 165 158 182 133 168 73 140 146 172 97 101 74 32 161 162 98 65 5 173 12 76 108 36 22 90 198 134 189 167 148 59 9 16 141 55 178 111 163 39 80 43 110 164 177 152 45 119 67 199 103 46 149 19 89 24 123 30 118 124 131 11 88 4 176 171 94 115 79 21 179 77 18 91 143 170 85 47 72 195 183 3 86 156 166 136 128 7 106 99 112 192 132 57 117 155 13 184 109 120 187 122 38 142 130 174 84 159 144 126 135 1 104 153 31 196 129 41 102 200 6 139 150 81 191 186 95 50 96 52 61 87 194 15 64 60 157 49 35 27 121 190 169 33 105 75 48 78 71 58 147
31 162 99 148 164 59 70 147 161 65 25 29 153 54 142 41 13 80 167 38 77 149 190 89 168 198 112 35 69 127 200 139 64 21 24 194 151 185 184 19 66 179 159 14 154 126 169 128 100 33 97 45 113 23 173 28 22 108 146 157 172 73 120 192 72 165 143 196 140 18 74 5 107 71 43 40 78 79 197 183 57 36 117 135 83 30 94 186 111 131 47 171 44 166 104 132 193 16 86 182 2 49 52 118 176 130 134 98 95 60 116 8 48 160 119 170 121 15 37 150 3 68 6 20 81 61 101 93 155 141 125 88 55 39 158 187 156 152 7 17 180 137 85 46 11 76 4 91 34 163 174 82 195 26 75 84 63 115 92 191 90 188 124 199 103 12 106 87 181 102 138 51 42 114 178 32 133 109 53 129 175 67 144 105 9 56 189 96 136 10 145 50 177 110 1 62 123 27 122 58
87 200 180 86 66 114 109 119 195 122 160 70 46 41 2 9 22 88 53 173 143 169 38 107 69 35 118 71 93 10 7 135 191 133 187 51 139 68 17 168 50 124 123 32 1 172 159 31 74 20 142 166 21 157 153 136 125 62 61 103 52 106 39 194 18 179 63 121 75 6 184 112 15 96 110 89 85 130 186 77 182 82 120 134 37 132 56 24 48 158 92 151 138 198 183 111 117 167 34 11 49 23 36 174 55 13 64 100 44 156 12 146 154 177 147 16 171 101 79 164 83 73 197 8 131 170 199 72 126 80 181 91 42 45 193 116 178 104 192 33 163 108 57 90 150 190 60 189 95 40 99 175 67 84 65 165 26 188 94 25 141 47 28 155 98 76 140 161 59 5 58 196 144 137 105 102 30 185 152 4 128 19 54 115 129 149 145 14 113 29 97 148 176 3 78 27 81 43 162 127
163 94 34 54 60 102 15 22 80 96 178 140 177 143 162 180 11 137 114 20 97 142 188 160 56 189 125 61 42 161 106 187 59 82 175 12 90 158 122 28 85 73 46 38 72 132 17 74 133 109 7 35 31 37 128 119 145 87 23 68 108 81 155 47 152 151 150 8 18 144 93 21 199 70 36 165 134 123 3 66 13 149 146 26 190 29 197 120 192 181 6 141 148 44 200 77 58 62 14 111 100 198 92 194 51 10 25 5 24 98 174 65 83 57 172 84 176 30 43 88 117 1 154 124 78 196 91 67 173 104 195 127 89 171 107 52 183 50 69 147 167 76 118 156 138 99 153 32 193 130 86 112 75 186 110 157 115 33 191 40 63 168 116 185 184 105 182 64 27 136 126 55 159 169 48 170 9 79 53 49 101 39 19 121 41 113 4 179 45 135 166 71 131 16 164 129 139 103 95 2
6 66 118 172 34 95 98 21 192 68 79 57 39 36 130 186 181 64 198 161 19 164 151 12 25 26 80 129 154 37 120 92 104 147 139 103 78 183 29 82 171 4 178 131 49 170 150 1 146 125 97 56 122 134 126 54 112 175 100 166 105 41 93 89 45 62 90 67 53 85 28 169 81 107 111 61 8 144 70 110 188 153 47 187 52 180 65 138 196 31 94 177 63 116 191 71 32 168 176 76 38 15 148 33 163 99 113 87 86 59 132 18 119 27 106 141 77 197 23 43 159 16 69 133 60 152 162 184 44 115 84 74 127 73 140 2 124 160 174 46 179 88 155 7 40 3 50 190 193 156 72 22 117 185 14 51 121 58 114 11 199 30 42 143 101 24 142 173 55 137 13 96 108 189 200 109 48 91 165 195 157 145 10 17 135 194 182 35 102 5 167 128 149 158 123 83 20 9 75 136
69 73 50 90 105 43 104 10 186 18 134 118 63 169 112 156 188 28 166 179 131 194 74 109 175 180 36 35 161 81 7 125 116 143 4 167 56 66 108 129 130 1 181 152 185 46 172 83 126 53 101 5 72 136 178 173 24 190 33 79 91 157 189 70 168 144 193 9 165 78 85 128 135 13 32 192 52 15 77 84 139 67 170 137 148 16 127 21 45 87 89 124 145 80 88 102 149 198 195 117 44 64 110 61 132 6 119 133 153 11 37 151 57 197 114 138 184 158 183 38 174 162 55 96 42 196 51 182 26 123 97 48 39 159 140 163 68 47 160 62 111 121 23 95 94 58 107 41 92 187 113 106 164 177 3 154 19 142 8 93 147 171 29 86 12 65 120 82 76 150 155 31 115 22 122 17 2 27 49 40 141 199 75 25 98 30 60 59 103 200 34 71 191 100 20 54 146 176 14 99
23 80 165 27 118 52 190 22 145 124 93 47 12 85 182 9 79 57 144 140 11 60 179 94 117 116 86 44 149 139 1 130 191 148 46 110 115 40 10 134 126 48 43 168 3 50 51 141 196 91 137 186 66 24 73 169 185 154 153 199 54 175 166 105 158 99 114 36 95 197 68 135 143 7 49 178 173 128 194 69 62 132 6 77 170 64 160 88 123 81 31 129 96 188 138 107 29 104 84 157 28 89 120 14 159 106 83 125 100 5 164 2 41 161 162 35 111 97 56 13 30 119 195 25 42 150 55 74 127 187 156 163 101 147 172 61 177 87 26 90 133 58 180 181 192 131 152 21 19 155 76 193 16 59 33 38 136 71 37 112 102 176 184 122 65 174 18 78 45 70 53 72 108 32 20 183 39 142 113 15 103 34 75 198 167 171 189 146 17 200 4 67 109 92 98 151 121 82 63 8
8 169 35 67 185 27 97 72 65 94 134 3 146 60 83 149 17 199 88 119 61 99 96 22 113 82 120 11 50 172 58 4 193 148 159 95 49 144 16 6 158 135 81 92 76 28 75 166 68 141 151 171 56 139 38 107 161 170 122 51 71 106 111 70 114 105 168 47 195 29 180 196 73 43 164 44 112 37 79 80 9 59 66 188 143 126 140 145 154 77 57 5 103 104 78 2 179 93 191 87 192 160 175 33 108 127 30 63 116 41 26 19 121 117 91 84 64 165 186 138 176 12 34 200 123 15 90 174 181 109 183 178 162 133 55 1 173 152 128 167 190 85 48 21 62 54 42 155 142 36 86 150 118 31 39 32 23 52 197 101 14 137 131 7 157 132 125 46 98 177 10 194 89 153 24 25 182 110 20 74 45 163 184 156 53 189 13 130 102 100 198 187 115 69 136 18 129 40 147 124
128 12 75 21 24 95 89 129 103 11 195 173 10 77 33 154 35 98 85 19 111 87 196 39 130 157 47 146 174 59 40 112 170 92 191 61 104 121 52 41 160 74 50 147 56 164 80 90 37 7 6 15 82 168 26 45 43 126 99 101 141 68 83 138 200 49 3 149 5 165 31 107 106 38 55 172 9 143 175 119 88 169 132 22 108 76 62 124 171 134 161 8 116 180 118 137 73 23 145 105 127 66 100 136 86 13 93 71 34 190 125 17 67 186 84 120 46 30 117 42 199 166 151 63 110 57 187 131 81 94 79 178 102 69 65 198 156 163 176 25 177 152 158 183 72 114 51 1 139 189 184 155 70 193 140 162 20 60 28 96 18 115 192 153 179 2 182 14 167 97 36 48 142 109 29 58 32 44 159 188 53 133 113 144 91 135 4 123 64 27 150 54 78 148 185 194 197 16 122 181
14 140 20 183 184 42 120 65 92 150 44 52 17 49 30 122 110 54 133 43 128 61 71 199 18 96 114 143 130 37 12 25 80 188 8 190 176 167 132 55 179 75 169 13 78 151 118 105 142 137 117 153 59 171 162 66 126 58 19 79 27 24 102 174 175 90 28 119 158 180 182 82 53 192 91 100 187 159 125 98 1 88 135 40 46 56 181 104 106 74 164 62 97 50 121 69 161 152 45 129 39 11 136 194 29 10 4 5 32 87 173 131 193 166 127 64 147 51 94 134 168 23 200 73 2 36 103 124 108 145 95 22 186 15 67 157 165 48 76 149 191 21 154 197 84 112 196 72 68 139 107 146 26 138 3 185 81 60 6 155 141 189 89 172 9 41 116 177 34 31 163 160 113 99 57 86 7 156 170 148 35 85 109 16 83 93 38 63 123 198 144 111 195 33 77 178 115 70 47 101
147 105 170 81 91 179 63 71 4 7 128 192 109 101 119 83 132 160 9 10 163 143 35 34 1 115 12 159 60 120 122 30 92 157 102 89 113 39 31 29 158 20 50 3 107 173 43 95 38 169 53 14 124 78 28 172 186 146 189 67 85 37 162 153 148 46 140 191 88 183 117 112 44 96 116 200 21 166 25 144 174 76 196 142 8 52 168 90 138 56 57 133 111 155 100 17 55 16 197 145 13 171 185 45 19 36 126 184 141 68 58 27 134 74 110 154 187 54 125 135 137 82 86 51 167 190 181 123 5 151 129 176 40 61 104 195 87 99 80 2 6 164 136 77 69 24 84 188 149 193 127 175 70 33 114 62 23 18 178 48 194 139 22 182 65 47 156 130 165 94 73 108 152 98 72 75 66 131 106 199 97 79 93 42 15 121 103 118 150 32 64 180 41 59 177 11 161 26 198 49
22 69 131 52 89 31 77 107 53 146 171 167 169 11 24 96 47 2 140 117 32 65 57 21 38 4 29 59 106 118 113 35 67 138 163 97 160 72 17 157 20 142 137 174 46 200 165 125 64 156 175 101 155 92 90 184 120 81 71 115 197 95 49 164 178 99 30 39 85 82 83 94 40 28 26 114 154 151 153 183 181 133 19 66 80 189 148 129 103 144 108 98 10 126 132 13 5 141 134 78 44 23 152 150 187 43 75 55 135 25 50 170 76 9 73 196 190 14 63 36 18 33 159 179 60 166 180 127 123 58 91 111 27 102 124 15 12 93 51 74 45 158 68 79 112 119 185 8 139 109 191 61 6 104 110 41 186 149 162 16 128 143 130 84 147 194 195 37 161 136 34 192 121 42 116 176 3 56 88 145 7 86 198 1 48 70 177 199 62 54 105 173 193 100 122 168 172 182 87 188
90 42 60 17 152 64 165 39 145 166 175 70 94 184 132 40 121 71 95 16 155 82 25 171 100 56 28 23 58 197 1 138 83 61 65 54 52 50 75 97 87 30 105 5 173 45 149 31 89 146 15 158 26 116 170 33 142 78 81 177 167 6 137 88 67 48 27 11 4 106 178 104 163 157 108 68 126 47 55 134 8 93 182 32 36 172 18 9 73 194 59 2 124 169 34 98 189 127 19 7 133 86 10 29 153 113 176 13 151 96 107 24 183 118 150 80 111 140 193 195 101 110 139 164 49 57 179 76 181 22 192 128 66 188 147 130 43 160 112 144 44 199 69 135 154 187 125 119 143 102 37 120 180 131 186 72 38 156 159 114 109 168 51 91 85 12 200 196 103 20 53 148 117 21 35 190 115 46 3 198 14 84 162 141 161 79 62 123 185 122 63 99 77 129 136 41 74 191 174 92
57 28 79 24 183 7 115 41 23 200 31 114 74 32 181 4 198 134 61 26 141 16 77 199 30 55 65 151 75 120 2 83 76 165 25 148 1 92 47 62 89 37 158 5 51 153 96 138 60 40 177 58 56 173 50 27 59 33 85 166 108 69 53 93 174 142 45 163 130 123 116 172 19 169 188 36 128 12 38 35 119 140 42 109 156 91 52 170 99 6 122 136 43 145 111 73 10 182 162 48 175 155 149 101 106 72 176 126 102 117 118 193 184 21 133 95 171 113 34 192 137 168 197 94 131 132 144 150 146 68 100 160 67 103 80 46 189 185 3 90 179 82 159 97 196 129 66 164 13 107 112 125 127 180 49 154 191 124 39 15 105 161 157 84 147 29 18 63 187 194 190 87 78 9 8 143 17 186 121 71 11 139 88 64 195 22 81 167 44 14 104 110 152 178 70 86 98 135 54 20
76 15 71 42 121 143 104 23 149 26 6 81 83 38 108 133 139 144 37 132 159 55 184 11 169 167 1 162 128 178 66 98 19 61 35 68 62 126 107 30 64 91 87 198 58 78 114 200 36 157 185 18 21 147 153 40 4 75 79 163 199 187 33 86 32 47 123 99 50 25 82 113 45 174 134 190 158 56 10 49 146 181 16 156 141 88 171 80 127 48 154 189 59 160 100 145 105 183 7 92 22 84 148 9 102 180 85 106 63 129 20 5 70 164 172 197 96 13 54 28 140 131 17 103 52 97 193 43 150 168 8 101 120 74 69 89 173 44 179 135 14 72 119 109 51 57 137 170 94 165 116 166 195 196 39 152 3 53 67 31 151 77 60 188 186 41 155 24 34 125 176 111 12 175 124 110 161 136 27 112 117 93 95 73 130 46 65 142 122 115 192 2 138 191 182 29 194 90 118 177
169 118 112 196 67 181 101 18 159 90 70 111 52 92 37 23 94 122 102 50 32 22 106 51 72 128 141 150 166 177 154 56 161 145 5 113 152 170 144 105 40 190 167 59 8 104 10 65 69 91 74 183 107 62 119 127 97 39 110 115 130 24 44 76 86 26 123 191 29 138 88 173 132 53 116 20 151 28 78 75 55 193 9 137 134 6 155 34 64 143 3 17 194 38 99 46 182 178 187 35 147 176 108 165 96 80 27 16 153 133 172 45 100 149 87 61 66 71 57 103 12 11 60 185 21 146 25 174 189 135 82 19 93 36 175 186 48 58 192 89 42 114 156 164 129 43 195 179 98 180 79 125 47 197 158 1 131 139 54 124 77 85 184 84 140 200 31 171 162 83 13 199 49 30 95 188 109 117 41 7 148 136 168 126 33 4 121 68 15 63 142 81 163 14 157 120 198 73 2 160
116 186 31 6 61 10 177 26 20 37 86 161 176 124 16 111 197 24 56 71 97 168 158 28 182 82 184 139 155 32 144 189 118 136 121 46 164 17 45 34 134 36 66 200 105 104 95 58 30 107 122 43 101 19 41 148 77 39 29 44 165 142 69 87 187 79 147 196 35 174 48 76 150 199 160 21 93 94 91 96 138 83 163 180 74 153 55 9 90 191 102 23 113 109 126 143 25 179 175 114 85 65 166 1 14 18 188 89 68 13 47 117 88 145 181 64 60 131 22 70 75 103 154 151 4 193 73 190 49 198 171 15 50 125 53 92 8 129 194 52 156 108 130 195 81 119 42 152 100 167 128 11 120 78 132 110 98 112 140 63 80 169 172 67 5 127 185 157 7 84 38 2 99 146 170 27 183 162 135 133 178 57 192 54 40 72 3 51 33 12 173 62 59 106 123 149 141 159 115 137
22 162 5 83 1 110 32 68 30 120 19 189 24 37 84 89 181 158 185 200 198 151 95 75 42 141 76 48 47 104 137 146 109 111 12 69 145 171 94 159 168 49 25 169 102 134 153 191 129 40 16 142 173 144 149 27 121 101 46 140 11 182 132 14 88 93 13 4 56 175 130 157 54 127 190 60 8 188 186 161 103 23 59 119 97 72 131 34 154 39 99 96 178 17 81 44 179 138 85 66 63 90 79 197 193 18 50 53 38 167 133 152 196 98 126 115 170 155 160 92 147 67 199 117 118 2 106 80 9 35 112 105 150 91 10 58 116 41 166 29 51 64 65 71 124 70 36 100 87 123 31 43 73 20 52 172 61 26 139 125 195 174 21 74 6 183 184 177 108 33 28 113 62 86 165 45 135 114 55 180 3 143 128 136 7 194 57 78 176 163 122 148 156 164 82 15 77 107 187 192
123 138 93 168 117 50 6 176 114 175 120 165 57 129 89 60 134 157 27 75 182 36 85 185 124 62 194 108 151 95 29 116 49 139 70 84 119 189 38 169 160 61 68 67 191 58 76 109 113 198 79 188 136 43 177 148 156 140 26 7 142 52 4 30 184 143 42 45 9 91 179 131 97 78 72 132 135 94 164 71 181 99 197 48 66 21 158 105 90 11 200 137 63 170 37 167 145 8 125 154 172 56 18 44 121 86 98 190 174 195 107 40 32 33 178 54 59 161 23 35 53 3 166 5 46 19 82 1 65 55 24 127 31 17 104 16 115 12 144 193 96 102 196 180 159 149 128 15 51 118 130 147 141 88 162 47 81 183 41 77 126 34 103 69 133 122 25 14 186 64 173 87 80 83 152 171 92 101 111 28 153 13 2 22 146 192 155 73 199 112 150 10 163 100 74 106 110 39 20 187
37 125 171 148 197 14 193 35 2 124 115 200 96 105 36 183 188 5 127 164 12 180 91 189 70 138 72 46 139 87 9 18 77 128 79 142 25 174 78 44 151 76 181 54 106 22 195 49 61 103 39 29 123 42 134 113 112 173 31 179 185 108 100 160 101 169 110 150 194 55 86 26 104 161 81 168 114 154 50 190 52 95 3 172 153 80 126 57 4 48 8 63 143 157 111 60 28 135 65 162 191 99 186 182 41 11 66 159 117 122 118 40 51 24 119 102 175 82 10 21 196 20 16 140 166 89 27 167 141 84 69 116 83 137 198 85 62 170 56 107 6 132 7 120 15 71 156 53 74 58 38 30 177 97 178 68 59 187 136 93 23 192 147 145 176 94 165 88 1 19 152 133 73 47 13 121 155 90 130 92 109 184 129 33 32 34 67 163 98 17 64 146 149 43 131 158 45 199 75 144
62 182 32 16 172 135 30 47 88 116 101 52 5 151 133 11 38 122 150 114 143 152 20 3 81 141 111 121 68 155 72 7 65 146 82 9 186 28 48 125 91 148 80 142 160 75 118 183 8 131 107 97 177 95 70 22 176 103 104 129 83 60 178 67 46 110 94 64 180 137 36 71 193 105 130 123 74 113 106 49 198 76 149 35 184 89 153 39 144 40 164 112 78 188 42 57 4 156 18 63 69 27 199 167 34 86 21 45 96 10 159 138 41 61 154 126 66 117 51 23 24 100 139 102 196 87 163 157 200 120 179 54 173 175 56 174 1 169 187 108 14 132 181 84 33 31 90 2 15 168 134 92 145 79 170 136 128 44 12 161 6 29 37 13 162 192 98 119 25 109 158 17 99 195 194 77 191 55 171 185 59 147 197 166 19 53 50 58 189 85 165 93 26 127 190 140 115 73 124 43
143 101 99 189 30 138 69 172 154 75 117 64 92 90 153 42 19 162 145 94 175 96 122 51 188 11 27 193 49 41 24 10 47 25 103 177 120 2 23 38 182 131 55 21 149 106 46 100 197 148 137 72 98 68 17 81 12 187 44 89 104 166 34 142 45 116 28 33 176 65 133 130 58 147 40 67 70 171 163 3 135 66 144 115 20 9 54 79 156 60 71 7 105 190 164 73 5 114 152 37 113 168 129 160 180 127 183 128 61 88 167 82 121 161 85 124 192 141 35 146 74 150 8 59 112 109 56 155 170 132 32 194 200 13 139 184 15 91 29 159 181 52 173 107 18 136 126 179 140 43 76 53 83 4 169 198 57 86 97 26 196 174 125 80 31 48 110 77 157 14 63 62 39 6 158 84 134 111 1 87 16 22 199 185 123 195 151 36 186 50 118 191 93 102 165 108 95 119 78 178
179 91 59 161 77 65 74 51 84 64 101 48 116 136 103 50 52 160 128 46 195 41 141 55 188 186 57 126 49 198 131 81 70 119 35 115 184 32 29 10 99 122 158 135 15 82 150 86 142 3 102 162 182 148 93 143 130 190 191 169 38 18 69 139 34 54 125 39 152 104 180 196 174 106 163 12 117 108 9 47 11 156 8 30 5 118 37 23 97 187 192 90 76 124 92 63 151 83 80 33 2 87 120 123 171 45 193 67 95 44 4 72 200 189 166 114 53 1 133 36 167 107 177 88 60 175 176 27 25 100 178 159 21 165 75 147 134 109 183 110 129 173 14 137 112 42 19 24 145 144 127 40 66 185 155 26 85 181 140 89 16 68 154 73 79 111 78 13 153 113 71 7 6 149 98 62 20 132 194 94 17 157 168 31 58 22 138 121 61 199 105 146 96 28 197 56 170 43 164 172
17 181 30 129 74 200 20 138 23 16 77 150 136 73 34 173 159 156 194 78 137 151 14 92 7 197 83 1 186 128 76 185 120 123 184 163 45 102 88 154 193 105 24 29 22 169 40 118 15 50 42 10 109 145 52 153 166 36 170 117 35 71 33 32 198 85 158 172 80 182 167 183 164 103 66 70 114 143 62 176 37 13 177 115 152 155 190 104 100 147 101 9 125 110 59 168 141 86 91 26 165 19 199 107 87 106 18 69 46 135 8 68 3 187 28 189 60 171 161 131 178 81 21 97 132 55 99 6 116 49 47 113 89 94 48 98 144 192 139 122 11 75 44 133 79 12 134 149 162 67 108 188 5 96 58 51 126 2 142 179 112 84 111 148 124 90 146 191 25 174 65 61 72 38 57 175 39 180 43 82 119 31 63 127 157 56 130 4 195 121 53 41 64 95 93 196 140 160 54 27
3 116 162 87 42 156 117 123 59 41 95 183 58 159 17 138 112 57 188 13 51 70 121 47 181 134 119 110 94 69 114 33 128 21 80 170 74 168 166 2 111 62 78 32 83 50 153 196 152 71 198 14 139 67 20 120 142 40 157 25 11 172 146 90 12 22 60 155 84 68 160 5 75 180 113 16 109 122 89 171 43 115 187 61 182 6 31 105 66 30 193 129 124 88 189 76 179 200 29 177 176 54 104 64 91 92 102 56 23 137 173 175 100 147 131 164 145 27 35 144 101 34 191 65 85 72 126 165 143 106 174 7 103 53 45 73 26 118 148 24 18 135 8 192 186 132 151 1 140 197 141 44 82 55 36 190 77 199 149 9 161 81 46 107 86 154 194 93 184 163 49 167 108 63 15 28 127 96 130 125 48 178 79 4 97 195 150 38 98 19 37 158 39 185 133 52 136 169 99 10
79 186 148 66 133 166 23 32 35 74 123 197 176 55 187 118 111 178 21 174 30 165 91 64 60 77 99 139 141 68 134 69 181 137 188 43 124 183 11 184 25 98 33 45 52 75 159 160 15 72 105 175 78 136 109 42 16 138 28 122 180 6 87 121 129 49 19 150 14 39 114 151 3 65 177 119 196 132 36 101 130 67 116 189 117 143 95 89 131 96 92 54 88 81 156 162 110 82 12 190 146 1 38 171 193 106 107 161 179 26 57 51 76 4 195 85 152 27 154 191 200 192 128 86 198 182 113 135 63 125 31 97 70 173 157 18 84 34 108 48 103 29 7 93 149 62 59 90 53 112 172 142 147 13 94 73 163 41 126 37 127 120 10 104 61 22 199 158 100 71 185 2 80 153 24 144 168 145 8 46 9 115 170 56 20 5 167 140 50 40 44 164 102 58 17 83 194 47 169 155
44 60 64 139 72 52 149 19 88 153 103 112 117 100 126 104 184 181 108 162 31 187 16 182 77 82 135 10 80 127 119 158 71 151 157 165 28 98 136 68 93 7 197 46 107 49 69 172 61 178 62 146 147 84 167 18 129 159 133 176 40 29 148 32 50 142 123 131 48 96 9 106 45 74 120 70 78 24 122 58 124 33 200 11 85 102 130 177 92 47 160 22 2 55 114 63 185 141 105 174 54 26 20 6 57 39 86 154 145 116 15 118 83 169 42 34 196 67 179 144 137 199 140 12 134 53 27 192 36 115 35 186 183 81 189 156 79 90 110 5 195 13 14 4 91 95 94 152 17 56 198 191 113 150 30 121 175 75 65 23 76 97 171 190 168 87 99 59 8 21 125 180 66 1 37 3 43 128 193 143 163 138 109 89 111 194 155 188 51 73 161 132 164 173 38 170 41 166 101 25
189 92 67 35 95 88 16 124 101 179 116 123 74 47 19 39 102 198 84 172 107 51 140 131 128 68 146 108 186 8 43 12 18 104 1 169 7 185 23 177 150 163 54 70 129 120 72 152 33 156 137 164 79 110 93 130 29 2 13 20 100 197 191 114 148 69 52 97 42 133 158 25 6 125 81 34 157 187 106 22 30 94 24 49 73 21 80 60 77 96 127 55 176 160 162 41 82 190 99 113 141 112 181 71 142 61 115 168 147 66 166 121 15 76 56 109 196 36 91 45 182 98 117 38 63 46 78 9 118 26 153 151 85 143 167 17 178 103 119 122 154 27 5 75 135 144 59 14 58 183 159 57 126 195 200 50 171 11 155 53 165 180 90 10 184 170 32 138 194 145 87 105 139 173 48 64 193 192 188 175 83 40 174 136 62 65 28 86 161 89 134 37 3 31 111 132 44 199 149 4
170 19 39 109 185 117 142 2 146 95 65 178 54 112 181 21 29 147 105 128 85 47 176 188 148 156 75 121 139 64 8 42 159 92 97 113 196 87 6 165 158 16 35 182 51 125 38 43 14 23 127 175 55 191 81 166 71 149 150 41 78 45 57 173 61 82 120 168 195 93 62 24 33 189 63 37 52 99 15 110 36 86 126 179 88 30 172 91 192 40 1 100 108 76 20 135 154 129 200 67 151 118 25 145 187 11 171 177 123 115 193 197 184 70 143 160 49 183 169 144 162 9 56 22 101 186 180 48 103 157 73 34 10 131 18 68 13 136 133 3 111 96 163 27 130 161 94 153 77 199 12 174 141 58 69 155 134 140 4 5 122 60 164 104 46 152 84 137 132 102 26 167 198 50 116 79 107 90 83 72 31 80 89 59 124 138 194 66 53 114 7 44 98 119 74 190 28 17 32 106
44 42 187 30 12 199 94 96 3 98 51 179 162 182 16 171 132 158 121 159 80 74 2 145 49 93 102 129 36 168 87 134 19 68 13 148 35 123 160 78 170 69 188 198 184 117 110 34 154 46 81 106 89 195 180 23 18 86 56 120 6 50 144 177 130 67 32 125 92 185 33 116 164 137 38 61 47 103 7 75 73 104 95 31 101 175 112 150 84 79 173 119 91 4 53 59 153 118 29 62 9 169 55 122 83 70 176 105 28 24 52 156 65 178 181 135 37 141 54 97 183 140 5 21 149 191 127 27 190 76 66 1 161 197 193 151 10 126 99 72 17 8 142 128 100 14 60 41 111 88 22 26 200 194 77 43 113 11 196 165 39 174 167 108 192 82 152 64 90 147 109 71 25 133 186 115 48 40 143 15 58 146 189 85 139 166 155 57 163 157 114 63 172 131 136 45 20 138 124 107
99 23 46 191 70 172 6 29 79 194 166 40 63 200 93 32 95 5 168 137 138 125 143 190 109 14 165 103 89 10 45 130 128 155 72 153 120 111 123 154 26 178 73 105 193 20 116 147 35 65 16 68 179 140 118 80 71 18 13 36 91 2 64 149 34 146 69 59 150 197 50 30 198 83 90 180 12 76 199 77 88 48 84 38 22 163 142 110 57 144 25 117 85 189 87 156 107 49 56 181 167 100 124 52 74 7 15 37 108 98 81 145 67 164 62 177 136 114 176 184 51 44 101 160 133 174 86 159 173 19 39 182 171 134 162 122 169 139 148 115 96 104 17 11 92 47 188 94 121 43 9 183 33 61 21 175 53 129 127 187 119 152 158 27 192 135 4 31 170 82 97 132 3 141 157 112 41 161 24 66 126 55 78 8 131 58 196 75 151 42 54 106 185 113 60 1 186 28 195 102
13 139 3 9 181 178 105 110 126 159 41 174 164 154 162 193 118 23 12 46 43 44 127 102 109 161 32 137 101 148 45 182 29 53 1 25 151 133 82 40 6 141 187 171 144 66 57 84 132 131 17 158 191 4 77 119 138 152 10 175 195 96 20 47 168 111 92 59 24 189 60 134 38 112 129 37 5 94 128 106 179 107 142 184 160 30 97 169 62 186 2 155 166 75 78 65 55 67 146 145 35 63 104 50 87 167 16 192 74 150 58 200 140 49 198 130 163 72 27 39 136 36 89 172 80 91 69 196 7 68 86 79 185 147 31 116 190 81 121 170 21 120 199 123 99 70 197 33 52 149 93 188 173 124 117 177 180 61 26 73 14 28 95 19 114 194 135 115 90 108 54 165 98 15 64 34 125 143 100 103 88 48 122 11 8 153 157 156 113 85 83 183 71 51 22 42 176 18 56 76
57 95 117 132 53 38 184 15 149 70 181 56 191 126 200 103 48 152 131 162 111 161 159 30 155 93 148 84 49 188 109 171 147 100 14 1 96 153 45 107 190 114 72 128 138 75 91 135 79 127 167 17 88 36 97 86 10 122 130 40 73 61 92 43 139 29 170 26 151 169 23 90 99 67 145 176 19 85 141 160 59 165 89 16 35 121 39 195 41 12 25 180 22 134 11 5 6 193 172 80 55 68 52 112 82 166 119 42 50 110 32 129 168 179 189 76 140 154 4 150 2 143 21 156 118 33 115 142 46 20 9 13 44 98 120 28 164 27 74 87 66 64 69 77 173 175 81 8 198 125 146 71 94 102 177 65 197 7 163 108 186 158 194 34 182 37 51 3 62 31 137 54 192 144 58 60 185 187 106 136 113 183 105 47 104 133 18 124 196 24 63 199 174 78 178 123 157 116 101 83
76 145 57 110 18 115 177 122 93 9 10 13 194 26 79 60 126 178 92 160 53 141 114 199 200 105 62 11 148 135 99 125 158 140 37 149 59 191 118 104 58 186 91 121 150 153 95 180 38 183 123 195 168 52 185 15 156 80 29 133 189 51 169 108 106 39 65 84 157 192 48 179 43 83 161 50 21 24 151 112 127 152 4 100 134 44 2 32 171 72 61 7 46 74 147 27 97 94 167 75 8 136 182 165 42 146 3 71 17 116 143 120 175 101 187 98 124 154 49 35 144 41 139 188 170 102 31 85 40 113 56 163 142 25 28 176 6 103 16 34 197 90 107 69 81 89 198 67 36 138 96 5 82 129 23 70 119 12 66 63 19 184 117 73 130 64 22 190 128 1 166 109 172 137 33 111 162 88 47 68 164 87 55 86 54 174 77 30 196 131 181 45 159 132 193 155 20 14 173 78
79 200 153 58 111 143 42 185 83 195 158 22 101 148 141 72 40 196 60 131 99 87 94 75 181 157 107 173 46 160 180 147 96 37 117 128 30 28 189 59 76 155 3 106 156 98 122 48 194 20 53 182 71 93 176 7 16 78 55 112 86 129 52 95 146 5 27 35 152 114 110 38 64 8 159 73 140 151 168 23 105 68 118 144 50 10 138 84 2 25 170 178 32 70 109 91 90 136 184 113 44 57 24 45 29 162 89 63 145 198 62 36 121 179 161 133 100 197 165 56 183 17 163 169 81 104 80 132 19 135 126 102 51 15 47 18 31 191 139 21 124 187 61 154 4 69 66 77 39 11 43 49 127 123 167 186 67 166 6 177 190 74 119 13 150 103 65 12 33 88 125 175 34 171 9 142 149 14 85 116 134 92 188 130 193 137 26 115 199 54 1 120 164 97 192 174 82 172 41 108
44 143 49 46 85 197 84 107 145 80 110 135 78 113 77 184 53 47 123 162 33 175 192 166 79 118 128 95 133 147 122 38 114 16 111 19 106 20 43 137 28 141 64 35 125 93 100 98 5 83 164 167 102 31 130 10 144 180 176 24 129 15 63 198 134 59 76 142 149 171 67 170 91 57 18 13 200 17 62 60 41 51 8 30 86 39 3 185 48 181 14 11 97 157 92 66 154 69 186 127 183 71 34 96 146 173 99 70 4 32 132 29 177 172 169 61 165 131 65 153 104 108 25 148 26 193 105 37 121 27 21 88 36 54 109 23 75 112 52 89 115 182 87 90 120 101 40 196 1 9 189 156 45 140 158 7 160 68 50 55 168 74 2 138 12 174 42 81 191 139 73 136 124 56 190 179 178 159 150 195 22 155 126 72 151 163 82 187 119 161 103 199 188 58 6 152 116 94 194 117
122 72 27 144 76 41 200 147 182 46 177 44 21 150 2 86 175 148 184 94 70 149 103 77 11 140 65 66 35 100 10 161 117 104 28 145 114 178 195 99 92 88 1 160 153 47 85 30 36 139 74 9 61 116 129 12 124 136 135 73 197 115 29 84 49 176 107 45 40 6 133 54 138 43 151 142 4 62 119 121 95 196 51 18 193 82 78 17 163 118 146 127 80 3 31 109 96 111 69 106 110 137 60 55 187 13 34 134 38 19 63 170 164 97 81 181 173 198 67 120 155 194 143 132 42 32 128 53 71 52 192 56 22 179 168 7 50 14 102 105 83 23 131 141 48 112 189 33 101 188 75 130 154 59 89 156 93 24 180 108 152 87 39 126 125 79 199 15 58 37 57 162 171 98 157 159 25 165 90 20 185 113 191 16 166 183 91 158 5 186 174 68 26 8 190 123 169 64 167 172
110 178 98 120 191 39 144 168 89 123 166 55 116 136 19 155 150 7 43 62 23 128 106 40 163 199 71 181 82 114 15 103 188 143 97 196 45 47 122 48 70 8 92 96 158 24 152 56 174 3 53 172 157 84 99 95 16 11 111 79 185 29 36 41 193 17 101 160 54 60 32 20 5 38 124 146 187 154 34 52 198 151 22 132 192 69 153 104 85 102 141 121 126 73 173 35 147 180 88 134 76 1 78 25 131 65 83 50 42 14 167 63 183 184 10 129 59 18 13 87 200 145 115 72 37 159 195 81 169 130 44 21 57 119 75 179 9 142 27 26 68 148 105 149 197 109 189 28 186 177 94 49 4 100 176 170 164 165 162 93 66 33 194 139 74 156 90 51 61 138 127 190 112 117 46 31 64 171 140 58 30 77 133 118 137 80 108 107 125 12 135 182 86 175 67 113 91 6 161 2
145 26 140 46 15 80 45 189 124 111 127 31 3 137 114 134 128 38 50 101 123 28 47 131 64 165 193 74 136 188 17 27 65 143 22 107 99 177 199 126 154 19 58 194 141 49 30 63 96 162 41 95 4 152 122 92 32 142 2 78 71 48 119 51 97 129 155 104 116 186 121 151 160 108 67 44 91 147 166 176 190 120 72 10 11 70 34 167 36 13 89 88 109 66 118 187 24 6 84 148 85 81 42 73 60 55 9 164 169 106 110 87 113 102 8 98 172 77 75 192 184 12 53 76 20 82 171 5 54 198 161 183 146 7 21 112 25 133 173 103 68 57 132 39 185 157 130 135 163 93 62 59 37 14 23 156 195 83 158 197 125 139 168 175 52 100 181 150 180 61 138 86 56 105 191 182 40 79 153 178 200 170 159 35 117 33 174 1 115 16 144 149 196 179 90 18 69 94 29 43
2 51 91 110 112 196 54 175 9 33 27 49 19 174 87 84 164 173 158 76 17 120 30 96 126 103 119 104 20 3 90 162 192 165 58 56 149 151 198 142 82 156 195 73 179 24 102 94 136 189 166 60 67 38 171 146 71 141 176 124 190 77 39 133 197 139 26 28 114 43 5 168 106 16 78 1 59 157 88 108 131 75 18 45 105 80 57 37 31 32 135 95 83 161 169 46 44 23 100 7 6 29 163 61 127 150 52 128 22 153 62 65 152 186 98 140 132 200 47 70 170 148 121 42 72 53 66 85 194 134 92 187 116 143 97 144 129 48 111 172 188 117 89 180 145 81 154 50 183 40 12 35 68 4 130 21 193 185 191 64 107 10 15 25 159 8 155 138 34 113 86 55 181 14 63 99 118 182 184 123 137 74 41 125 177 122 93 160 13 109 69 199 79 36 115 167 101 11 178 147
192 129 68 193 85 51 88 72 46 29 134 7 52 140 28 91 39 127 56 71 161 9 194 38 76 4 183 11 146 63 2 54 167 168 61 47 74 93 141 62 102 103 12 122 69 184 57 175 80 73 19 165 59 32 180 90 86 1 131 3 191 97 104 138 143 33 84 13 144 20 94 105 156 169 189 66 149 142 170 164 43 120 148 60 106 181 110 153 125 41 200 37 128 152 117 190 48 185 199 23 92 112 157 34 132 98 166 136 22 119 40 188 45 186 116 89 172 196 14 27 111 197 31 198 64 5 30 174 160 44 25 96 151 109 114 154 87 78 182 36 16 77 126 158 95 6 108 35 17 50 83 8 10 145 115 18 42 82 178 159 177 49 75 139 15 173 81 187 99 118 124 171 135 24 162 101 21 195 130 55 150 137 133 179 100 123 79 163 53 155 65 121 70 147 107 176 58 67 26 113
117 188 107 191 145 65 56 153 127 91 101 16 78 180 170 15 159 195 158 154 28 106 25 150 23 29 72 178 152 68 109 34 124 47 115 171 84 19 112 120 151 98 27 90 88 73 60 119 7 85 36 156 111 149 160 46 181 71 169 70 134 105 99 138 189 75 49 32 13 184 55 132 110 9 97 123 8 3 31 114 6 24 38 22 26 21 18 64 76 133 164 137 102 83 177 186 79 139 142 42 45 165 128 53 166 116 41 182 140 167 4 48 59 33 39 176 197 87 198 129 50 81 162 146 148 125 80 118 1 52 141 161 196 89 183 11 100 172 77 113 54 67 147 190 135 17 143 95 131 62 103 92 173 194 57 179 144 108 96 187 126 130 200 175 51 43 199 174 122 35 155 136 192 94 69 2 5 157 58 30 20 104 12 61 93 82 10 66 44 40 121 168 74 86 63 185 37 193 163 14
104 200 81 178 111 66 95 148 27 87 186 102 78 80 127 35 150 70 190 7 64 197 69 37 156 41 58 17 94 12 99 84 31 43 199 3 16 152 2 92 85 82 188 192 79 185 34 46 159 154 132 52 53 173 172 55 90 107 8 144 167 62 145 134 25 137 54 89 5 45 191 135 73 114 96 57 100 140 160 20 76 162 181 103 128 136 10 39 143 13 194 6 139 91 176 112 88 157 19 130 4 123 44 28 119 113 23 146 65 115 161 158 171 67 26 29 141 68 122 24 124 21 131 22 170 36 9 40 129 50 77 47 165 174 116 147 193 75 38 187 110 51 126 168 108 196 121 109 198 32 164 180 33 177 169 61 63 101 14 175 11 120 166 49 142 1 182 18 184 56 93 149 118 117 153 138 15 74 97 189 105 71 133 179 72 151 48 106 125 163 30 98 83 155 42 195 59 86 60 183
121 140 42 192 97 151 144 136 28 14 119 172 129 12 110 126 72 137 63 132 165 131 185 101 23 104 15 85 75 120 22 66 67 17 128 73 2 139 149 142 33 148 96 77 134 41 125 197 122 178 50 175 55 54 179 186 135 114 61 152 88 3 48 188 59 199 79 5 30 117 65 100 133 127 49 150 56 123 60 71 83 160 57 76 155 187 89 189 21 24 113 31 47 80 4 138 32 195 53 87 43 9 184 6 167 102 25 183 92 180 20 177 145 62 169 107 99 156 157 116 176 90 8 112 39 168 38 18 158 181 58 70 82 111 154 40 51 84 74 200 196 198 52 194 10 124 162 103 153 81 13 182 146 7 130 108 115 105 109 37 19 78 46 106 91 173 16 29 27 161 68 163 95 174 34 86 45 1 170 118 36 171 35 147 193 164 143 11 93 98 166 94 190 64 141 69 26 159 191 44
133 37 142 51 158 161 152 72 182 43 60 48 73 140 98 180 7 9 124 153 154 165 143 177 33 11 80 85 136 44 148 129 36 102 49 78 126 77 12 138 123 190 167 97 62 110 61 91 149 63 99 52 155 103 170 38 46 162 185 47 198 116 120 137 113 18 105 58 22 15 65 181 197 35 81 179 131 74 75 2 13 178 199 147 151 125 156 76 87 55 79 106 172 193 67 71 130 39 192 96 93 188 157 83 70 119 191 42 145 57 1 169 127 135 115 160 26 64 5 164 109 16 28 144 41 159 24 128 186 194 84 108 150 101 184 29 173 50 195 54 66 25 121 45 112 21 163 32 168 27 174 183 139 171 88 17 40 14 122 118 34 175 31 196 146 6 104 86 19 89 59 189 68 200 69 30 166 92 114 111 4 107 100 10 82 141 117 132 134 187 94 23 56 3 95 90 8 20 53 176
182 133 159 158 43 19 69 150 96 85 60 26 86 41 110 145 174 88 160 20 118 120 33 21 116 66 134 11 114 167 189 61 179 190 13 113 180 73 72 168 183 79 31 8 94 95 164 18 50 153 105 77 67 146 63 128 169 32 27 193 195 147 140 154 156 93 16 130 126 186 191 171 122 199 97 51 82 121 104 34 17 9 37 74 75 10 40 38 132 48 45 112 194 76 181 197 138 143 24 80 81 54 137 28 71 152 78 87 155 135 119 166 161 4 125 68 200 185 44 188 102 2 55 173 83 52 90 192 141 12 89 139 53 59 107 136 149 106 56 124 101 123 175 7 62 198 70 142 6 23 29 109 162 108 176 196 103 98 36 30 84 151 39 115 170 5 42 165 100 187 99 111 64 172 47 144 15 46 148 117 91 25 49 57 178 184 22 92 163 58 157 129 14 65 35 177 131 1 127 3
77 63 125 59 105 8 48 31 191 117 195 175 165 114 32 138 71 86 107 94 18 16 21 182 51 10 82 92 169 97 85 152 123 131 34 156 121 26 45 183 161 189 61 162 122 132 174 4 40 109 88 42 150 78 60 168 200 187 99 180 55 79 47 29 87 106 159 11 151 124 38 90 155 172 6 173 9 116 101 36 136 98 160 28 135 178 130 188 65 70 50 41 76 68 149 177 19 75 43 111 46 199 115 167 197 141 24 96 143 49 93 145 144 110 142 83 100 186 164 158 14 56 17 57 113 108 157 120 181 33 166 112 196 146 74 58 72 13 69 80 193 102 185 5 22 147 103 192 91 137 134 126 89 119 148 176 153 3 104 25 66 62 39 129 2 37 163 194 171 30 184 23 139 190 54 7 12 140 118 15 44 27 133 1 128 35 154 52 73 127 179 170 67 64 81 20 84 198 53 95
61 13 7 99 54 69 2 90 32 24 118 44 16 22 111 30 156 105 48 189 177 107 185 38 153 145 70 9 183 3 187 151 37 21 194 140 28 86 114 138 166 119 17 122 131 94 190 49 186 147 81 15 152 88 79 133 53 124 168 171 74 170 162 62 116 25 42 137 1 71 43 73 144 55 102 57 198 127 46 173 159 196 18 112 121 132 59 4 106 19 40 125 63 84 39 14 67 72 64 26 163 126 150 195 35 45 33 96 83 113 193 68 78 23 10 191 167 149 158 117 29 165 197 98 91 154 8 92 184 139 109 128 75 176 27 120 192 123 157 52 89 20 146 180 47 58 179 104 36 12 101 136 172 66 31 134 200 155 100 199 178 51 135 50 103 141 182 60 5 87 175 76 77 169 161 11 164 65 85 143 56 148 188 142 93 108 95 34 80 181 41 174 129 115 160 130 82 110 97 6
195 102 37 87 14 61 49 11 183 146 155 41 158 135 176 59 62 86 147 48 103 15 118 56 55 6 126 63 27 83 144 13 145 197 44 3 54 25 99 148 28 113 162 159 17 138 10 165 139 12 18 20 199 36 188 76 68 105 45 185 38 53 71 130 29 69 94 177 156 96 107 175 181 19 101 190 125 114 170 200 119 109 120 194 129 184 72 9 150 112 128 26 90 91 133 152 51 171 104 149 173 5 57 34 198 191 132 24 22 81 39 164 180 31 43 136 80 142 141 78 157 74 140 196 124 82 75 192 60 4 163 169 65 95 117 46 100 93 166 193 160 47 88 111 92 108 42 137 179 2 70 116 50 30 89 73 32 121 77 58 35 1 67 178 98 167 123 122 143 161 64 134 115 33 110 168 154 85 182 52 131 174 106 84 40 151 187 189 16 186 7 79 97 153 23 66 172 127 21 8
28 112 49 139 63 172 8 10 30 54 115 147 40 88 82 99 34 65 70 74 96 79 189 93 18 14 83 90 60 46 166 131 124 77 116 149 23 152 169 19 5 76 68 64 121 135 161 197 94 7 3 188 87 53 138 154 89 48 171 85 16 137 110 156 2 42 150 21 198 52 186 130 71 32 103 160 191 106 144 167 26 91 200 84 196 59 193 151 58 1 78 12 168 155 43 73 128 72 108 125 141 67 41 132 120 13 199 105 178 62 194 195 35 175 153 182 57 100 29 9 98 38 25 157 143 4 126 15 39 81 50 162 95 145 86 37 118 92 133 69 24 114 163 27 117 11 113 176 142 104 192 66 33 158 183 119 174 47 36 129 184 45 101 123 111 165 148 134 140 159 180 170 173 80 44 187 181 107 109 102 31 177 146 20 56 164 179 6 75 17 51 127 185 136 190 61 22 122 97 55
190 113 147 166 161 10 32 175 198 33 92 15 187 21 82 179 122 138 156 12 112 52 98 120 85 154 48 153 86 151 29 18 165 62 57 160 19 144 70 47 196 22 176 73 114 91 135 116 60 58 105 102 51 75 65 84 167 37 89 53 119 59 2 79 41 132 63 125 171 78 96 9 178 49 87 200 103 83 17 121 193 43 74 107 164 101 109 14 24 100 194 64 46 169 184 117 28 143 152 26 99 199 127 3 67 150 146 140 159 42 133 4 128 94 40 118 181 142 66 137 81 93 189 177 72 141 136 110 126 197 90 134 1 95 27 11 182 191 39 131 56 5 168 25 31 35 123 129 54 173 148 16 44 139 124 155 111 13 88 55 68 183 69 45 188 23 20 174 157 158 38 76 192 180 71 6 97 7 163 36 145 186 115 106 34 50 104 170 8 30 130 149 195 185 80 172 77 162 108 61
152 155 111 79 81 31 23 134 105 172 119 15 100 63 62 30 88 125 98 137 69 38 118 47 34 44 56 122 114 70 170 153 196 17 147 78 90 143 87 129 80 144 29 35 60 167 77 43 58 141 135 74 6 28 24 189 177 197 117 68 126 94 57 200 91 22 187 140 194 179 65 101 120 18 14 39 112 66 99 82 168 5 64 96 133 32 13 191 169 109 41 2 36 16 138 110 45 76 157 3 107 193 10 160 108 159 33 59 8 115 127 46 171 156 89 195 185 174 72 162 199 48 131 20 176 151 27 121 181 55 158 123 50 12 52 198 124 139 84 192 150 166 186 4 37 148 49 67 11 136 97 154 183 130 163 40 93 7 113 128 103 102 19 149 165 132 61 1 161 178 190 51 95 53 145 182 21 26 75 173 116 164 86 9 73 184 42 54 188 146 104 175 25 92 83 85 180 142 71 106
109 151 104 51 35 75 184 103 77 67 78 146 58 29 122 110 94 134 64 31 123 37 27 192 36 185 39 143 93 107 177 30 16 162 165 118 38 171 28 189 106 159 114 82 1 153 198 86 97 181 53 84 156 65 61 47 9 25 56 49 24 152 138 72 187 183 200 91 5 128 89 169 14 99 178 23 136 10 20 3 137 8 69 170 105 83 127 163 34 19 111 124 17 174 172 131 190 191 41 160 158 33 55 80 139 164 145 92 157 173 144 71 12 142 168 150 11 113 121 193 196 66 133 148 116 59 154 90 21 96 13 194 74 120 199 180 129 7 22 46 126 115 85 40 102 60 140 112 18 135 42 70 2 188 88 4 147 132 52 81 15 155 68 125 195 176 45 44 101 73 175 62 76 26 79 130 186 50 166 141 197 48 63 119 167 100 161 95 87 98 149 117 108 32 6 179 57 54 182 43
176 1 122 155 38 132 163 87 182 165 120 101 109 184 85 103 41 147 143 89 76 62 65 21 57 91 123 97 6 175 153 117 5 74 88 86 107 30 72 35 51 19 63 168 167 131 14 140 139 181 137 18 129 82 190 151 50 94 53 32 47 10 84 198 80 40 34 77 186 164 136 46 154 100 189 45 138 71 141 149 118 148 93 108 187 197 69 66 44 150 23 96 27 110 39 99 24 2 52 67 170 83 42 119 113 26 8 134 31 157 59 70 64 161 16 126 102 9 179 180 185 162 135 68 144 127 15 173 171 125 174 133 194 121 178 111 193 105 169 191 60 78 22 142 54 36 61 58 146 95 183 156 195 3 124 37 192 25 12 33 48 92 13 81 128 73 158 28 29 114 11 7 130 106 145 56 49 199 188 43 116 98 160 159 75 196 177 115 4 200 55 17 20 79 166 112 152 172 104 90
158 34 64 97 63 29 193 178 110 181 69 132 159 145 139 146 99 100 78 124 85 75 62 167 72 171 46 13 41 143 108 105 77 156 131 12 140 190 144 183 123 82 61 32 129 37 127 157 11 81 198 3 112 2 76 126 103 185 182 120 26 102 9 73 35 152 197 43 180 95 169 138 160 200 116 89 175 23 25 50 107 199 184 106 31 130 135 5 48 22 57 30 58 53 179 119 191 60 66 187 93 150 147 188 155 109 44 49 21 59 172 52 141 38 174 1 10 36 173 17 24 4 20 101 18 176 65 133 134 192 56 70 136 79 104 40 83 111 195 137 74 177 128 166 84 42 194 149 94 14 67 33 115 98 92 142 148 47 28 196 151 90 45 121 39 168 68 27 51 125 19 6 7 54 87 96 189 162 80 15 165 114 122 16 154 118 186 8 164 117 153 113 170 88 91 163 161 71 86 55
87 67 46 30 97 77 73 141 122 91 14 200 114 145 4 66 18 25 28 137 104 69 13 82 140 169 168 156 71 196 157 128 132 41 147 33 134 170 115 100 112 175 162 161 148 113 56 142 126 3 177 88 78 93 23 99 64 19 1 83 52 21 107 35 51 36 24 58 167 131 164 150 189 2 154 80 59 152 179 138 123 63 151 89 6 199 11 191 34 47 92 84 119 174 106 20 7 109 110 111 172 178 5 98 96 79 187 95 10 49 160 192 16 124 195 61 188 184 85 26 32 75 60 176 40 81 42 155 143 166 108 198 29 182 163 105 193 186 72 68 48 62 181 8 135 74 70 12 190 127 194 158 38 183 94 57 173 54 39 149 45 90 180 53 17 27 31 15 133 129 55 116 136 171 121 165 101 185 22 9 102 139 197 76 125 103 50 146 130 86 153 159 65 120 144 37 43 44 118 117
70 46 171 145 60 71 154 33 127 140 177 181 143 38 197 110 1 118 115 84 49 59 142 35 43 169 188 113 160 92 135 158 26 199 122 90 108 16 103 123 152 63 44 130 55 82 85 15 97 25 187 102 39 24 31 12 9 78 22 20 179 18 77 136 155 96 129 27 3 156 8 69 120 76 89 191 138 165 153 192 83 45 175 11 114 119 137 87 146 161 117 28 66 109 164 51 168 99 147 32 79 17 157 54 159 21 34 200 189 36 80 65 198 93 53 88 19 81 184 75 30 183 126 64 166 106 58 74 141 176 173 149 68 23 116 57 185 10 40 2 178 72 5 105 180 190 196 125 37 48 182 162 14 62 86 167 95 151 124 6 139 7 133 98 104 194 107 100 47 148 174 91 29 163 101 186 131 121 50 52 132 13 73 170 193 56 144 150 128 4 111 112 61 195 134 94 67 172 41 42
155 8 7 43 73 178 105 146 99 3 182 124 87 166 38 9 143 58 193 82 37 78 134 54 18 181 126 34 135 10 32 11 200 125 63 128 185 6 179 129 107 90 53 100 49 67 127 173 52 29 45 84 15 151 46 44 80 81 28 139 21 95 101 121 77 96 41 109 158 171 122 186 142 141 133 136 144 72 177 70 47 172 189 5 113 42 59 152 130 57 33 30 4 74 112 170 86 12 66 25 62 164 194 92 156 183 199 162 198 163 115 110 13 160 188 19 120 137 157 184 154 174 60 64 196 26 167 187 159 140 76 180 65 145 69 2 116 61 75 27 89 192 71 161 51 36 48 16 195 114 176 168 98 153 20 197 91 93 108 118 97 190 88 131 149 111 56 106 14 94 85 103 68 138 23 150 31 147 50 40 117 1 169 35 55 22 132 24 175 17 123 79 191 102 104 148 165 39 83 119
91 53 25 134 125 24 104 5 159 80 197 39 183 193 31 141 55 65 113 198 68 86 142 179 103 188 171 175 157 73 18 94 48 199 59 135 176 143 10 182 69 181 151 66 109 11 154 92 195 189 88 106 156 74 27 13 126 130 40 4 190 93 150 192 77 90 12 85 8 54 118 123 177 152 146 172 17 60 101 84 7 35 131 30 38 102 178 122 187 105 139 42 43 137 16 32 144 47 164 19 140 15 138 149 148 63 34 129 50 72 89 147 41 161 81 119 71 57 114 49 184 196 97 127 9 167 79 44 168 23 163 14 37 115 166 36 160 100 1 185 136 117 186 45 20 162 96 173 2 158 67 128 33 169 121 98 61 124 6 116 174 62 70 82 3 200 180 111 21 99 75 120 107 58 29 112 133 56 52 26 87 108 64 83 78 28 51 155 153 76 95 46 191 110 22 132 165 170 145 194
59 15 8 191 175 121 90 193 28 143 197 27 98 132 167 52 176 198 190 157 11 97 34 116 43 76 122 81 108 185 162 189 114 148 161 101 133 24 54 144 126 113 104 173 44 17 29 183 188 165 91 5 180 23 62 137 73 94 2 40 79 45 111 12 178 155 72 18 70 196 66 168 64 131 166 35 174 47 14 154 36 107 151 99 117 135 130 181 200 159 51 4 75 1 83 125 10 42 123 78 74 152 85 118 58 7 194 110 140 105 49 56 120 172 48 26 3 102 139 60 124 82 63 186 160 96 21 182 6 136 141 67 127 93 37 142 38 100 163 103 9 150 65 92 19 41 170 31 145 80 22 57 77 53 149 115 32 71 84 187 177 39 195 147 179 16 61 106 138 68 184 33 169 199 87 158 134 146 171 109 13 192 69 156 50 89 86 153 88 164 55 95 112 30 119 20 25 128 129 46
102 178 59 27 113 194 140 176 79 186 153 177 174 96 17 159 64 72 181 156 83 106 28 81 152 167 74 33 87 154 1 185 160 191 187 132 139 163 48 148 158 190 37 20 98 56 95 180 143 91 70 111 175 173 110 199 86 195 165 15 71 126 171 168 105 12 69 44 172 151 108 147 128 47 115 4 77 6 118 133 42 93 120 131 114 129 157 10 169 8 19 80 34 135 65 142 127 122 3 182 21 107 90 166 192 32 51 67 155 89 58 100 38 45 25 88 84 78 121 130 9 85 35 138 55 46 101 150 82 116 92 193 2 123 103 62 61 40 16 7 22 30 134 119 97 136 18 57 43 146 49 112 5 99 24 41 137 26 39 141 29 117 179 162 60 73 53 50 161 124 125 188 198 63 145 164 94 196 189 149 68 184 66 170 104 13 109 31 11 200 23 76 36 197 14 52 144 75 183 54
135 188 182 29 86 124 150 60 19 52 134 67 68 76 122 176 12 61 145 37 8 198 194 160 143 173 13 169 98 36 142 4 3 87 32 25 17 149 11 180 49 175 33 187 163 154 79 137 81 69 172 24 186 104 109 105 195 168 191 50 83 96 156 113 179 102 53 16 101 1 63 78 106 118 103 192 56 95 155 91 70 177 66 38 128 123 152 140 58 129 181 57 141 170 64 99 97 10 139 133 73 94 138 5 108 130 93 77 22 75 9 21 159 121 51 48 80 82 23 72 183 190 114 132 144 165 200 146 26 42 107 74 126 43 31 162 112 148 100 120 197 90 41 47 6 178 196 110 127 151 166 119 55 111 40 30 92 84 115 88 171 45 193 184 39 15 18 131 34 125 164 59 189 28 71 2 46 54 7 20 147 62 136 153 161 65 89 199 14 157 158 85 117 116 167 185 27 44 35 174
161 175 114 36 88 72 52 44 65 136 10 43 177 192 151 15 16 69 124 143 19 148 130 132 183 33 157 40 9 51 108 11 113 196 103 54 174 28 6 26 139 169 135 150 110 49 197 189 30 101 190 94 105 56 61 164 20 165 104 172 159 142 176 57 60 5 102 106 53 133 171 75 100 156 66 93 155 39 3 138 22 96 77 46 38 160 123 67 116 181 117 200 91 120 8 145 99 191 84 80 14 82 50 107 126 42 182 167 146 1 199 41 7 112 13 92 79 70 188 193 109 125 27 31 55 134 115 74 163 32 137 64 118 78 128 23 17 12 2 168 21 186 122 141 184 37 87 90 158 89 111 18 147 178 129 166 59 195 170 140 62 154 194 95 71 85 153 34 179 81 24 162 121 152 187 119 131 76 25 83 63 97 127 35 98 180 68 73 185 173 149 198 4 144 58 48 29 45 86 47
76 70 82 26 80 148 27 147 10 129 184 74 45 55 81 100 48 106 182 161 88 97 34 28 131 30 39 77 12 165 56 90 57 104 178 11 126 64 4 51 186 17 14 62 145 47 59 16 125 138 73 42 167 196 35 199 75 68 198 185 49 18 101 187 130 159 127 189 188 102 116 190 107 157 194 33 149 172 72 103 164 115 15 137 124 85 38 168 37 40 111 24 120 118 181 95 108 143 87 134 9 93 110 197 83 79 105 155 117 66 96 191 142 175 78 176 119 65 153 19 13 180 98 113 140 173 2 114 21 71 43 61 156 25 162 54 41 84 177 141 60 31 158 23 133 195 174 1 193 136 122 139 63 22 152 69 132 146 92 123 171 52 192 163 89 144 50 170 200 179 53 121 86 29 150 99 151 94 67 160 7 36 169 20 91 58 183 44 3 5 32 109 128 46 166 135 6 112 8 154
42 58 45 35 81 82 129 133 174 43 155 184 101 24 153 140 104 116 136 48 186 199 25 6 59 32 125 160 2 166 173 94 23 50 5 85 190 96 102 159 143 53 114 83 19 176 164 107 52 146 75 14 46 157 183 98 109 88 8 142 161 128 121 134 194 16 57 17 172 71 117 137 80 130 123 44 64 78 56 29 127 77 90 10 20 141 191 61 11 31 138 4 179 167 151 195 108 49 124 51 177 196 105 168 200 147 18 110 21 41 95 144 119 9 67 122 178 47 103 89 54 182 162 39 181 112 13 165 99 68 1 154 60 106 93 115 198 180 79 65 126 158 15 38 120 76 91 37 113 72 193 189 92 170 175 150 131 74 135 22 145 197 152 7 84 149 139 192 156 66 70 62 27 26 187 12 86 63 30 33 148 40 100 55 171 87 188 163 185 73 111 97 169 118 3 69 34 28 36 132
37 183 20 126 157 44 81 96 34 78 17 148 162 139 69 198 158 121 122 138 43 142 105 68 160 91 14 113 168 115 124 3 131 6 53 111 120 42 45 110 90 137 8 54 25 132 125 141 153 2 194 104 179 59 184 169 163 200 55 79 182 28 93 191 88 100 60 12 103 27 150 92 46 94 109 186 129 5 119 101 99 127 36 135 167 197 123 112 152 15 39 19 178 10 77 189 76 174 175 188 180 116 11 18 190 63 146 193 166 108 170 65 62 147 40 22 98 64 86 102 84 67 85 164 30 83 140 165 57 50 97 29 199 118 21 7 9 154 71 38 75 48 56 13 173 4 33 114 176 117 185 73 156 51 80 161 87 82 151 52 49 66 106 1 35 74 61 171 128 31 144 47 70 159 195 192 32 196 24 172 133 149 177 181 145 130 89 134 143 16 187 26 95 72 155 136 23 41 58 107
32 166 96 94 115 184 8 54 92 59 65 178 149 3 75 126 26 5 156 71 128 100 157 186 144 61 82 79 21 118 107 139 28 15 86 192 67 42 108 141 131 132 56 119 27 103 185 4 164 142 125 121 176 68 70 120 181 74 1 17 81 52 18 137 13 12 151 48 31 44 110 167 16 190 102 147 183 189 63 88 136 199 25 123 106 51 161 80 11 62 30 191 49 174 69 168 78 37 129 135 34 55 159 150 47 6 89 114 197 173 38 19 133 22 130 155 46 104 187 2 169 154 83 39 64 172 193 124 194 43 33 145 116 109 112 66 140 175 146 162 160 163 58 158 171 182 180 91 95 77 188 111 198 57 97 127 72 87 101 73 84 165 148 177 196 90 200 143 76 117 99 10 93 7 113 60 179 98 40 14 23 53 9 134 170 153 36 24 29 85 35 122 195 105 50 41 138 20 152 45
144 126 88 22 182 133 194 18 48 108 70 77 156 141 172 154 170 103 43 23 148 193 160 109 139 69 75 114 120 129 78 7 162 46 51 167 171 24 9 79 33 180 179 128 52 1 65 199 31 123 177 39 189 26 105 149 92 83 27 146 112 135 197 45 58 143 54 122 110 72 30 61 184 71 188 81 142 34 147 13 89 121 4 174 32 5 25 98 59 12 159 130 35 76 163 101 138 118 200 29 93 100 117 50 192 68 42 64 55 151 8 115 10 37 85 107 164 91 21 62 80 14 102 36 137 176 157 74 17 198 166 20 97 63 11 186 53 94 183 191 90 125 161 185 49 99 95 38 3 6 168 175 56 44 87 119 40 152 158 145 19 187 106 73 41 57 155 169 181 96 67 153 196 190 113 104 140 2 195 86 28 131 15 60 82 47 124 111 165 134 116 178 16 84 136 173 127 150 66 132
102 34 128 53 122 198 106 24 136 189 26 127 129 90 86 166 75 72 9 7 91 94 170 126 62 45 4 80 196 181 114 118 47 176 154 157 43 178 149 96 182 190 171 108 70 199 195 83 101 159 61 77 175 177 184 142 148 74 110 168 140 95 49 87 197 105 50 5 116 56 172 153 8 104 107 92 143 63 167 117 141 67 165 36 113 55 58 121 137 14 31 192 155 82 180 27 132 12 52 3 103 163 20 25 88 16 64 57 150 139 42 147 60 131 15 30 23 48 160 156 54 18 161 138 33 124 19 76 44 1 134 89 120 164 13 135 68 169 37 187 22 174 71 41 10 194 81 100 78 65 84 40 6 125 185 28 38 115 111 32 99 162 130 85 152 35 66 191 146 183 93 173 39 144 46 59 109 179 21 79 200 73 193 11 17 123 133 158 112 119 98 2 29 151 186 69 51 145 97 188
65 43 179 195 55 190 23 24 150 197 171 89 91 133 67 178 50 31 136 160 118 115 103 157 81 187 51 17 131 127 170 61 30 191 73 83 114 6 7 104 54 158 101 123 198 62 169 121 53 184 36 13 41 27 192 66 105 151 37 156 22 25 98 106 69 109 159 59 172 200 144 140 38 152 4 180 126 72 85 97 147 87 183 18 146 143 48 130 47 154 58 176 129 116 112 74 5 44 139 93 138 70 111 125 10 185 21 163 186 32 122 9 28 134 108 182 82 14 68 174 96 46 11 119 15 12 113 80 189 3 148 117 149 20 19 102 120 175 168 29 1 141 57 2 39 78 95 124 94 155 135 34 42 132 173 100 90 164 63 86 199 64 35 56 45 167 142 52 92 76 145 84 107 99 60 77 26 165 40 181 8 49 16 166 71 161 88 193 177 110 196 153 79 128 33 75 162 137 188 194
164 34 161 117 78 10 100 123 133 106 8 51 41 187 176 70 108 183 130 20 1 66 152 114 173 129 25 37 157 116 180 102 50 58 11 136 22 91 196 18 49 4 193 158 105 134 110 174 71 97 155 184 125 191 60 30 104 171 128 166 154 36 109 65 93 55 69 12 44 179 144 38 19 53 112 142 189 149 148 90 160 188 57 195 15 13 147 16 146 101 68 47 40 21 132 23 190 28 121 120 63 59 27 138 52 162 82 24 85 43 181 26 168 95 45 84 17 172 192 170 141 5 2 107 94 127 119 62 178 61 56 163 111 33 99 98 113 159 9 54 96 194 83 135 115 185 165 31 103 200 29 3 6 32 39 72 7 76 89 88 74 48 46 140 175 199 145 118 156 86 79 167 42 124 151 131 197 87 126 75 150 143 64 67 122 169 73 137 92 14 80 81 153 198 139 177 35 186 182 77
15 186 78 135 134 20 41 116 107 195 92 171 51 30 31 90 146 177 106 180 76 57 67 36 39 2 37 69 89 35 157 185 197 191 34 111 114 115 122 68 12 5 173 42 7 18 175 17 73 25 9 14 48 94 77 189 127 160 194 123 142 128 28 19 93 66 130 182 50 88 72 55 188 79 155 117 166 167 86 163 193 49 161 121 46 59 43 6 125 56 104 29 47 143 124 148 138 118 190 65 13 45 184 96 54 109 120 137 126 174 154 149 58 168 87 153 181 156 144 129 150 1 4 159 112 119 40 70 83 131 179 200 136 132 62 198 16 52 24 103 196 110 170 38 151 84 141 32 95 60 162 64 105 63 3 101 11 183 172 187 100 44 8 80 169 139 164 98 82 23 22 26 53 61 147 74 108 21 75 71 145 85 133 102 81 140 33 165 176 27 199 158 97 99 10 91 192 113 152 178
91 60 51 149 103 122 197 7 98 45 183 171 48 188 46 49 190 94 179 56 67 78 80 11 6 142 10 8 116 128 29 136 74 90 32 139 73 70 185 85 156 181 35 170 161 102 72 152 198 92 115 5 143 68 96 148 186 167 182 172 18 31 200 71 129 127 132 14 105 119 147 66 184 187 159 140 124 41 195 38 39 163 42 57 65 175 54 76 40 114 2 169 196 26 101 4 177 145 16 37 107 165 12 178 168 151 189 138 69 130 43 99 13 61 150 59 121 77 160 50 15 162 100 81 55 176 97 164 83 166 24 17 95 109 141 64 88 89 47 110 154 36 84 62 30 63 146 75 118 22 53 20 52 126 125 21 87 112 104 199 180 44 58 158 133 173 191 23 153 79 34 192 174 194 82 113 111 134 9 131 27 3 108 117 93 120 19 135 193 1 86 106 25 33 155 123 137 157 28 144
114 171 133 169 130 1 139 36 33 45 170 181 145 110 187 196 40 148 77 164 136 115 96 140 42 81 152 127 194 177 17 58 195 20 174 87 11 44 72 88 2 5 98 62 151 105 16 172 28 31 167 101 119 37 178 12 191 158 173 180 99 137 188 53 57 6 143 159 89 104 34 192 41 116 186 8 43 50 24 198 109 106 19 39 68 107 161 85 70 157 94 100 168 67 166 64 18 27 95 149 84 146 155 197 46 111 74 190 82 183 103 142 91 76 49 7 79 179 83 184 54 38 200 138 124 118 59 23 75 26 22 163 141 92 126 147 90 78 132 135 120 199 182 165 122 69 129 185 93 154 73 153 102 112 3 21 193 14 35 51 189 30 123 47 131 86 63 160 10 71 56 4 15 48 134 29 32 121 150 52 65 144 176 9 25 80 66 117 125 175 113 97 55 60 156 61 13 162 128 108
14 44 5 4 67 31 107 187 133 200 68 81 43 145 52 129 146 40 98 159 199 114 91 30 34 10 153 96 24 193 97 38 156 158 197 59 71 198 3 84 157 138 162 15 171 100 86 110 131 33 70 73 179 195 18 122 115 117 154 112 155 140 152 173 160 120 2 170 1 99 49 168 102 25 164 118 74 144 135 16 149 182 60 58 48 66 57 28 128 92 172 167 95 139 89 109 55 7 103 180 119 130 62 22 106 51 79 12 41 82 83 90 54 161 184 105 50 185 125 94 111 186 181 136 36 19 29 137 61 108 169 6 87 150 23 88 21 141 69 142 35 127 178 175 26 190 37 76 121 123 166 42 101 124 147 132 32 113 75 191 194 39 163 77 53 20 177 64 126 192 47 65 104 56 188 116 174 27 72 45 8 189 80 11 196 85 134 9 13 46 17 63 93 183 151 148 165 143 78 176
22 167 44 87 157 142 48 33 125 7 139 21 61 11 105 90 168 3 83 86 174 133 198 136 192 41 80 153 88 15 119 120 51 6 64 28 127 148 10 180 182 35 4 23 40 54 12 73 122 134 91 187 98 155 17 145 25 188 177 140 160 8 9 47 30 116 117 123 63 171 43 106 19 24 156 49 14 69 56 159 92 162 135 104 175 169 107 75 170 141 94 27 132 71 200 58 68 100 93 103 152 115 154 191 173 102 144 128 82 111 165 97 112 85 32 121 163 164 50 166 78 77 31 76 190 59 131 179 70 143 158 66 186 13 138 18 194 16 129 151 52 161 110 113 199 65 38 46 150 109 176 146 183 26 60 114 172 81 72 147 1 96 62 79 101 184 42 36 20 185 193 197 118 89 45 39 34 57 29 130 5 53 196 108 67 37 149 2 55 195 99 178 181 124 84 74 95 137 126 189
43 133 30 117 52 188 175 196 86 24 70 98 191 99 152 50 14 130 169 180 125 129 33 106 27 58 118 153 108 195 12 154 163 26 186 159 46 22 32 89 10 76 34 184 157 1 44 187 151 25 185 119 23 17 137 85 177 95 197 147 16 107 114 56 67 54 161 116 198 88 18 75 160 84 2 190 171 155 170 199 162 127 167 87 168 20 19 140 57 82 124 74 113 64 111 8 92 13 51 73 80 150 181 192 126 165 166 115 123 48 63 164 93 45 173 96 60 97 65 40 4 79 35 132 146 148 144 5 81 69 42 112 110 139 7 145 135 91 131 59 77 142 194 174 3 9 83 134 102 38 122 179 141 53 104 120 68 47 183 94 189 103 6 78 149 37 55 21 101 105 176 158 29 156 71 138 136 28 90 193 49 128 121 178 143 200 39 62 61 182 15 31 100 36 66 41 109 172 11 72
39 76 172 12 78 161 164 88 6 122 193 121 191 3 157 152 190 45 10 43 168 8 67 87 16 174 165 60 19 109 186 32 65 105 30 135 107 119 118 23 198 114 58 28 166 63 41 26 27 127 22 137 47 56 98 50 57 108 91 144 177 200 89 123 69 100 149 1 196 85 86 175 162 126 159 52 44 5 141 110 153 132 66 33 139 160 192 64 24 80 199 155 40 179 55 146 31 77 147 101 143 104 9 188 79 116 42 180 73 68 184 46 70 94 182 156 158 53 187 134 131 138 128 96 25 120 72 194 99 83 13 92 163 20 37 93 15 74 48 2 61 130 35 102 170 113 140 34 81 71 18 38 136 59 178 148 97 7 49 117 181 171 129 185 75 125 133 36 176 167 29 106 195 111 183 17 95 197 189 173 169 90 4 124 11 151 84 150 112 82 21 142 62 14 54 51 154 145 103 115
189 60 8 74 165 170 164 73 122 58 76 180 143 85 78 31 25 105 176 195 191 27 154 156 184 10 17 98 159 147 6 75 124 103 127 133 69 18 52 134 3 46 130 23 144 39 24 49 168 102 32 97 161 193 120 129 171 16 22 197 186 151 66 179 71 84 123 182 194 153 148 83 1 5 146 139 87 33 187 81 77 119 53 55 172 38 91 118 135 45 15 67 145 37 163 131 100 199 92 152 108 62 121 141 72 14 113 188 43 140 96 89 196 88 29 175 41 110 12 198 200 115 111 192 169 174 158 30 150 90 93 181 136 11 86 9 155 106 101 104 82 177 94 40 160 114 132 47 51 56 99 80 54 4 137 126 178 42 95 68 185 63 138 157 2 64 57 28 142 183 50 116 125 61 35 190 107 166 112 34 13 149 162 20 26 21 44 59 167 173 65 48 79 19 128 70 109 117 36 7
11 161 196 46 19 158 69 180 26 139 170 200 151 166 100 168 80 73 67 164 57 132 189 173 74 172 137 93 35 107 62 21 190 83 193 103 109 53 154 126 95 150 24 37 145 198 72 129 60 54 91 94 144 121 184 76 6 87 90 101 18 118 96 131 68 25 192 61 82 147 135 120 110 106 36 179 92 47 13 3 23 175 64 186 191 165 104 141 171 152 102 183 97 84 7 58 86 142 55 9 1 33 146 40 156 155 66 112 48 14 38 17 85 128 10 119 133 153 41 182 5 65 12 16 43 169 34 185 63 32 99 15 138 113 160 167 163 187 27 108 39 123 178 116 8 71 149 181 177 136 4 78 127 81 56 31 195 70 199 88 140 134 194 176 188 143 105 157 197 98 124 29 159 59 45 44 115 50 148 117 79 77 49 122 75 130 125 42 2 114 28 30 111 89 51 174 20 52 162 22
101 3 135 143 58 137 163 96 28 182 190 27 152 73 107 86 113 134 75 98 162 124 64 102 122 188 151 105 44 166 77 192 199 29 51 81 52 174 18 31 196 121 10 11 109 161 100 20 103 74 154 42 35 63 116 39 30 70 191 183 66 125 171 178 24 17 133 69 187 169 23 138 200 165 7 126 112 159 115 26 129 118 78 198 93 114 50 15 179 95 139 34 147 41 90 185 33 142 21 59 91 195 72 160 4 141 111 106 156 82 167 130 19 149 56 76 79 104 45 146 87 25 145 48 136 40 148 49 120 140 89 168 177 144 94 108 176 37 84 150 180 194 119 181 175 85 12 193 38 54 68 16 83 110 57 128 53 43 47 197 36 62 184 164 127 46 8 14 55 60 123 132 22 131 13 158 157 173 32 92 67 189 172 97 2 170 6 61 1 88 65 71 99 186 80 5 117 9 155 153
2 8 90 9 76 171 187 31 4 36 28 155 95 113 94 32 136 1 166 124 21 119 179 24 168 191 106 141 149 184 153 7 43 172 112 148 49 82 110 73 48 129 158 37 147 173 156 3 199 40 67 163 79 115 100 62 89 182 69 186 59 189 197 143 190 178 138 103 151 97 11 84 65 71 157 57 70 200 150 80 16 128 35 169 167 120 118 61 26 41 102 38 15 101 99 170 81 30 53 22 152 104 116 34 188 72 132 25 123 29 142 77 192 105 176 13 194 125 47 44 75 196 18 139 14 114 23 42 146 183 160 20 12 5 140 107 83 122 193 27 121 66 164 137 111 6 108 98 162 51 126 154 91 17 45 87 64 88 50 10 56 177 96 39 93 33 144 52 134 109 159 60 161 135 130 145 181 117 85 174 185 86 55 131 74 78 19 46 68 175 198 54 92 127 133 180 195 165 58 63
91 30 51 35 165 73 66 15 14 63 162 159 5 68 17 157 172 160 41 140 183 126 62 169 65 195 184 170 2 106 12 113 92 48 20 89 178 141 174 80 164 138 197 175 143 115 59 7 151 188 150 1 49 131 132 78 128 182 83 167 125 133 142 136 168 76 36 199 13 77 21 119 107 39 67 82 25 58 114 50 71 121 163 173 81 72 196 152 74 148 117 19 98 8 110 153 6 85 177 64 57 158 44 180 123 26 198 38 155 88 47 94 149 120 190 27 60 108 33 79 90 40 11 97 109 139 46 104 16 187 42 99 23 18 55 69 95 137 111 129 193 105 103 130 34 9 122 43 52 53 86 54 116 185 102 134 84 192 29 87 93 24 176 37 10 3 200 22 61 45 31 100 70 118 194 75 181 161 32 166 189 28 135 171 56 145 156 147 191 101 146 127 112 144 179 124 4 96 186 154
89 144 182 107 104 68 110 84 80 152 178 76 179 90 174 70 66 47 127 17 133 150 123 10 119 145 149 124 158 29 34 85 96 52 126 153 28 168 63 184 151 78 23 97 16 8 37 108 101 51 94 58 106 114 72 183 2 14 81 177 171 6 189 56 53 19 21 39 38 91 187 130 193 165 13 156 140 25 9 188 57 128 54 196 49 44 105 191 118 143 93 142 30 163 166 134 164 18 135 12 172 139 169 155 24 59 200 199 62 98 60 122 83 157 192 50 69 175 132 77 160 131 159 115 45 109 86 35 15 113 31 176 194 195 121 137 20 82 181 92 64 112 198 120 3 42 1 125 11 185 41 67 32 100 99 79 40 43 27 170 141 26 146 5 197 129 111 116 48 161 87 167 136 103 147 61 173 95 36 71 162 73 117 22 138 7 65 33 75 4 102 186 154 55 88 74 46 190 148 180
135 9 159 139 47 97 15 120 35 160 177 41 157 152 114 163 68 94 8 39 7 42 136 14 32 34 188 92 191 44 144 123 88 36 181 130 112 60 95 194 200 143 109 173 151 90 75 166 64 134 133 170 158 145 149 108 180 26 80 45 21 61 96 197 174 154 161 82 55 178 59 196 84 189 70 107 186 87 38 10 179 131 78 16 115 127 155 22 199 58 13 18 71 93 171 124 63 17 29 148 150 146 12 101 184 25 198 164 126 140 162 24 110 132 138 50 137 85 122 56 168 193 99 121 187 66 54 125 182 142 73 195 167 104 48 19 169 119 43 77 106 52 102 98 33 190 5 27 65 30 147 69 49 6 185 176 183 103 28 4 86 116 3 53 129 118 67 79 40 11 72 83 20 192 51 37 23 74 111 2 76 100 175 1 128 156 172 31 46 89 57 165 62 141 81 117 113 91 105 153
29 26 182 170 88 43 130 140 54 156 72 200 68 158 30 5 20 50 133 115 24 147 60 56 184 45 109 146 93 46 116 125 21 69 166 95 169 33 171 111 64 102 55 42 8 157 49 48 168 4 199 189 52 61 84 14 181 86 144 132 110 164 136 94 149 129 106 138 186 126 13 177 22 127 89 37 117 103 74 198 59 107 44 124 3 25 32 188 114 193 82 160 194 15 71 91 154 112 191 123 75 175 83 174 35 197 1 141 153 145 9 11 143 122 108 23 135 19 183 90 65 151 16 81 79 73 134 77 80 17 98 6 192 104 7 190 70 165 87 97 131 67 66 78 27 85 105 99 34 47 76 172 2 101 167 163 137 162 100 120 185 113 41 155 118 180 187 121 128 150 179 196 62 31 28 18 92 173 159 139 148 58 57 39 142 96 63 53 12 51 38 195 119 10 40 161 152 36 176 178
52 41 197 20 8 89 56 107 144 82 171 141 194 117 101 51 32 100 77 128 192 9 50 130 43 91 118 54 84 189 48 169 5 35 133 58 62 168 196 90 68 126 145 75 7 17 94 97 93 18 184 125 65 55 154 163 27 85 121 108 124 105 166 78 80 29 53 182 19 76 115 60 200 162 104 38 146 3 140 111 195 178 113 23 139 39 11 15 191 136 22 67 24 153 198 81 1 114 61 33 92 161 148 83 2 122 45 6 96 57 86 160 40 147 69 109 174 79 143 10 150 164 177 132 188 165 66 120 193 119 47 137 151 116 37 149 157 98 127 103 170 59 110 187 63 36 30 138 13 70 181 4 158 156 42 131 102 152 179 64 172 190 34 12 99 74 25 14 175 21 135 95 142 180 31 88 173 134 87 185 167 155 46 186 26 16 159 176 44 49 28 123 71 129 106 112 183 72 199 73
179 183 196 74 90 165 125 154 169 49 188 108 21 151 6 172 60 77 52 175 142 19 189 61 139 12 58 28 114 30 159 138 137 36 96 42 182 46 185 194 92 86 120 141 115 1 103 145 166 71 112 91 156 32 133 144 75 39 38 197 10 62 88 27 33 177 193 192 174 187 9 161 111 181 69 34 199 78 83 101 31 4 87 191 127 171 45 116 118 47 153 53 24 173 178 158 55 121 48 98 25 73 122 68 130 190 131 157 85 184 67 146 3 64 5 168 16 106 152 163 129 134 126 43 13 59 54 136 102 81 110 155 72 99 149 162 82 107 176 23 117 94 11 124 79 14 65 132 89 56 148 143 93 140 26 35 164 63 97 135 109 100 198 195 17 8 160 18 50 41 123 29 76 180 70 170 2 186 20 150 7 40 104 167 51 105 147 57 22 44 119 128 80 37 113 95 84 15 200 66
116 163 146 174 41 63 95 128 6 187 44 65 173 81 94 131 9 17 190 90 158 64 52 53 45 59 192 126 89 72 66 30 32 7 62 143 54 197 75 5 12 51 104 55 156 170 73 19 127 20 16 1 198 78 33 161 58 185 86 91 43 27 14 24 138 46 97 56 129 61 110 79 109 125 88 160 180 120 193 71 28 40 115 80 172 31 188 3 22 39 182 142 124 8 60 144 152 166 199 74 183 13 4 159 171 76 141 57 167 123 85 113 164 135 162 184 112 103 96 150 130 178 200 179 38 34 169 111 83 11 132 87 137 177 93 10 121 165 42 84 67 36 25 68 23 140 149 196 176 191 92 26 99 47 77 147 168 154 48 82 118 117 186 122 114 100 181 106 21 107 151 105 35 98 49 139 136 69 108 134 195 133 29 148 153 18 194 102 50 101 70 2 145 155 189 119 175 37 15 157
163 28 130 90 4 92 190 10 85 1 167 148 164 169 140 182 141 53 129 22 33 122 87 91 121 151 25 172 113 103 3 62 137 109 108 13 114 188 105 29 60 100 104 64 76 97 166 157 16 26 93 74 158 176 149 179 21 14 86 32 197 43 67 174 173 52 80 81 17 69 127 34 184 73 58 195 155 23 75 12 126 39 51 138 99 95 44 68 45 136 106 156 142 191 57 165 5 94 175 177 78 134 84 125 20 131 65 38 171 198 36 24 107 27 159 70 111 132 49 196 119 79 170 63 54 47 154 199 120 143 189 147 133 72 162 56 2 192 185 150 101 123 59 31 8 118 50 83 160 145 55 144 46 146 139 200 116 30 42 183 48 40 112 168 128 41 115 181 11 61 98 110 193 19 71 77 66 194 187 6 96 88 180 152 117 89 7 135 37 9 153 161 186 15 18 35 102 178 124 82
52 29 56 180 168 12 6 70 154 39 87 187 44 101 3 118 109 94 113 53 122 91 153 74 155 15 148 166 175 159 145 169 144 45 182 141 23 55 115 26 194 173 120 108 157 59 170 42 190 75 151 138 191 49 199 140 123 102 132 133 200 106 171 64 73 142 2 66 46 156 135 184 50 197 31 71 80 183 25 9 78 167 172 72 143 178 83 152 38 32 63 97 58 47 147 41 88 57 177 69 130 136 5 162 67 77 128 139 126 181 8 7 163 117 84 150 11 16 92 179 114 103 21 193 176 121 1 36 62 98 188 189 51 116 125 93 40 149 96 99 196 35 20 79 100 48 43 95 86 164 10 119 107 61 146 90 4 127 27 14 195 112 65 28 81 110 131 111 192 13 160 124 165 129 158 161 33 134 186 174 19 76 17 34 22 60 89 30 82 198 185 137 24 85 105 68 54 104 18 37
48 102 134 186 123 164 38 179 127 158 175 50 171 86 77 169 95 180 182 97 115 199 141 34 13 6 101 147 2 64 61 191 161 177 189 108 103 145 5 195 39 51 173 132 49 76 193 68 167 87 52 137 73 82 98 83 40 93 114 144 4 113 29 200 139 60 162 17 15 89 155 112 136 159 181 22 26 67 94 81 65 183 106 174 11 90 196 125 35 124 129 121 172 197 78 156 178 107 55 190 184 23 69 44 71 117 153 8 31 157 56 92 58 32 33 198 148 160 163 135 140 30 165 18 27 104 105 16 152 57 70 109 80 66 120 110 42 143 142 170 119 74 62 154 7 111 41 46 53 192 14 20 96 122 128 116 138 1 3 126 59 43 85 100 28 75 84 9 72 131 99 54 187 91 130 188 166 185 25 168 88 19 47 10 36 37 21 194 24 133 151 12 146 176 63 150 79 118 45 149
197 172 155 136 105 102 75 144 150 116 72 135 85 108 125 169 67 182 185 147 22 194 148 32 111 96 59 71 80 56 14 98 152 153 177 27 200 91 83 84 21 41 17 39 28 128 151 18 110 23 171 103 82 114 87 88 157 183 192 94 53 193 158 44 186 143 118 187 124 3 77 95 26 78 101 5 170 119 47 65 161 115 66 52 173 176 54 51 165 189 25 63 16 13 93 167 73 140 60 129 24 154 130 162 138 137 132 58 109 10 120 55 38 4 117 123 68 166 99 50 134 174 74 142 76 70 6 43 34 179 92 15 33 46 36 168 139 12 181 121 131 31 20 188 180 7 86 198 37 106 89 62 57 69 104 145 30 1 159 149 81 160 199 11 127 146 184 164 107 112 64 190 8 195 133 42 113 141 61 45 2 29 191 79 100 40 156 19 163 126 196 9 90 122 178 48 175 49 97 35
97 24 120 17 117 45 16 60 125 72 162 174 96 105 34 57 149 179 91 76 115 49 4 46 199 68 189 200 175 171 48 150 106 8 20 2 133 1 27 83 73 185 44 80 167 126 188 35 101 144 153 123 75 194 190 64 147 198 152 67 51 19 99 151 103 114 92 55 169 77 137 113 180 94 142 184 9 6 59 157 107 52 168 196 79 141 40 116 143 39 130 47 65 160 181 70 81 26 111 14 3 41 140 109 50 145 197 36 156 134 86 7 63 25 18 178 93 132 29 158 172 66 146 28 195 122 159 182 118 87 155 173 191 129 164 166 135 163 89 82 161 192 100 102 33 15 74 22 148 131 78 53 56 62 128 183 42 98 136 32 23 154 90 5 10 13 11 21 112 108 138 119 95 104 127 121 31 71 88 30 12 85 69 61 54 37 187 165 43 110 124 193 58 177 139 176 170 186 84 38
94 135 178 179 132 83 26 123 69 39 17 128 73 108 53 78 67 55 46 15 84 109 124 92 52 24 167 89 199 99 134 57 28 20 91 153 120 21 168 27 170 139 172 19 119 49 189 125 10 38 5 47 70 93 43 101 100 164 103 141 131 155 193 32 76 117 77 33 80 36 106 159 161 184 30 200 2 4 180 156 190 196 174 194 150 96 79 182 112 157 34 59 41 192 126 9 186 121 110 127 23 6 37 197 1 171 13 86 58 163 115 61 85 50 12 173 143 175 18 144 148 81 160 165 138 64 7 74 54 151 114 116 42 113 48 22 158 145 60 154 187 130 11 188 75 66 63 185 95 118 142 16 137 90 198 3 14 62 136 88 87 40 147 146 107 8 45 44 72 98 191 71 183 181 65 56 111 140 102 166 82 122 169 31 104 176 133 25 195 105 152 162 129 35 149 68 29 51 97 177
155 180 87 71 49 23 151 167 46 42 39 3 161 10 38 60 36 56 139 33 152 94 14 4 148 159 93 133 134 144 12 74 13 85 16 77 86 183 170 65 29 194 78 198 26 63 123 143 176 100 30 145 102 53 37 6 40 193 115 142 15 188 166 84 107 25 17 54 95 103 111 150 179 79 69 67 90 8 101 80 51 141 98 132 165 21 92 2 68 110 81 22 75 136 88 57 66 43 178 113 28 189 177 18 27 59 181 20 47 168 131 162 1 52 108 34 48 160 70 127 83 196 125 172 164 44 105 185 171 128 157 45 24 73 120 72 62 58 61 122 64 50 187 135 184 9 182 156 11 5 130 55 124 112 126 119 154 82 114 174 153 96 169 138 76 117 91 186 197 192 129 7 173 116 118 41 195 147 99 31 200 158 175 106 104 190 35 19 140 199 149 163 137 121 146 32 109 89 97 191
167 149 183 8 155 189 191 37 111 190 11 118 15 32 176 138 83 188 193 35 170 139 19 160 59 114 95 132 110 33 74 130 198 199 70 200 175 135 57 68 173 100 165 91 116 153 186 101 75 197 46 97 10 196 14 25 67 18 192 54 5 127 48 187 126 82 96 4 171 158 108 85 182 93 71 145 36 137 44 121 148 98 112 13 177 65 169 62 87 163 55 79 56 136 195 117 60 113 128 125 142 123 180 73 162 1 144 181 103 134 42 168 34 38 58 129 3 43 52 152 40 92 140 151 30 26 161 51 7 50 104 106 90 166 78 107 194 146 88 53 64 47 22 84 77 94 89 105 72 23 66 124 185 76 61 179 24 28 99 80 49 164 81 9 102 150 143 27 63 178 45 39 6 172 141 156 133 21 122 12 41 154 147 157 184 86 69 2 29 119 31 120 131 20 159 174 17 16 115 109
15 92 104 159 133 153 4 191 181 187 16 130 42 24 2 47 138 180 75 120 114 98 154 152 195 48 122 184 125 95 46 113 102 175 139 101 162 164 5 41 74 123 20 73 179 134 198 161 89 100 99 124 40 128 197 136 35 150 149 108 34 60 9 68 183 14 117 174 78 11 66 51 88 72 58 26 172 87 33 81 18 143 106 19 171 57 135 82 85 90 146 109 83 56 67 189 185 63 77 140 49 157 52 13 105 21 194 50 155 38 17 151 165 10 167 119 79 166 129 144 71 177 170 97 12 142 86 115 173 27 65 8 70 6 141 80 188 118 43 111 91 148 96 158 53 200 54 64 163 145 84 59 61 39 37 121 25 22 199 3 112 176 32 103 116 169 23 190 127 107 30 94 69 193 160 168 186 132 196 137 62 45 110 7 1 55 131 36 28 147 76 182 44 156 178 29 31 192 126 93
95 29 40 59 70 84 20 176 96 52 139 171 88 26 146 99 164 106 185 31 16 121 142 128 180 54 145 57 182 15 159 97 124 104 188 118 120 113 81 189 127 98 9 179 168 85 196 152 156 4 143 11 135 53 24 64 134 36 58 78 91 80 25 38 19 42 49 82 151 105 125 155 69 107 140 112 166 161 101 190 136 184 39 93 23 138 5 56 108 28 33 86 162 79 198 178 68 66 123 175 60 154 18 103 72 200 62 119 197 87 102 117 3 12 41 22 137 149 158 76 17 75 100 111 63 130 94 153 55 21 126 177 192 51 37 71 147 165 193 92 167 10 44 47 132 148 160 129 173 6 163 131 13 144 14 35 174 194 199 2 61 170 186 90 30 187 34 150 65 133 73 43 122 141 74 157 67 32 114 115 169 50 77 7 48 45 195 181 27 1 183 89 46 109 110 8 116 172 83 191
138 6 54 47 9 25 151 85 147 10 100 187 102 182 81 95 7 56 179 163 131 164 122 124 68 118 101 119 191 37 181 4 66 193 2 89 76 133 152 74 18 175 59 185 99 62 26 141 143 148 82 156 92 5 186 135 106 105 63 117 192 130 142 162 11 41 132 45 123 178 31 35 111 24 166 72 32 53 107 171 197 8 196 73 194 1 150 34 158 28 195 174 36 200 71 40 55 127 84 51 129 27 61 16 43 75 190 42 50 115 93 19 167 136 91 77 33 79 44 104 189 65 98 67 157 116 109 134 155 38 199 88 17 144 97 15 188 160 70 29 64 108 112 140 137 180 96 183 184 3 69 52 46 121 30 39 90 58 103 57 49 94 60 13 165 22 154 23 120 12 14 128 168 172 113 78 149 21 125 83 153 159 173 87 198 146 48 169 80 86 20 126 161 110 170 139 114 177 176 145
104 197 108 9 185 129 88 196 102 14 36 154 79 31 74 118 157 110 159 200 48 19 190 179 25 161 101 113 76 67 90 178 78 10 69 125 124 59 156 188 20 166 195 140 82 73 142 134 151 152 165 61 120 172 173 71 127 189 122 109 37 181 52 144 162 39 77 44 24 12 64 41 53 96 45 18 33 8 123 164 138 50 34 177 40 35 65 58 4 107 93 47 199 54 117 57 103 170 167 171 80 150 116 83 11 180 176 163 43 169 23 158 136 17 55 174 60 130 68 100 126 192 3 141 105 81 187 143 21 184 46 62 175 121 2 32 132 186 106 38 28 131 119 147 63 194 66 86 99 112 94 135 22 49 153 51 137 92 91 70 149 75 128 56 85 98 139 191 42 155 84 5 26 95 183 160 114 27 193 15 29 198 97 16 30 133 6 72 111 168 7 146 148 145 87 1 89 115 13 182
61 105 79 197 109 51 64 4 96 125 28 8 148 142 74 85 87 134 182 93 114 162 39 46 101 16 75 68 183 41 117 152 83 175 167 5 63 19 126 78 199 144 120 179 62 24 82 132 149 69 32 139 188 57 151 133 81 106 127 111 80 153 161 77 6 56 190 21 196 124 7 177 97 50 198 9 187 145 163 140 129 76 176 157 189 20 73 37 147 91 172 128 137 66 135 155 25 110 123 193 192 23 54 42 158 65 90 174 138 169 10 98 136 30 29 48 102 164 99 159 70 178 165 100 200 40 94 121 103 71 12 185 184 43 14 191 194 52 55 150 181 2 116 35 67 154 49 26 186 33 168 18 130 86 88 170 45 115 119 22 1 171 47 92 59 166 156 53 44 107 180 31 118 38 36 146 195 13 131 108 160 173 11 84 58 112 60 141 113 122 15 95 72 34 27 17 143 89 104 3
21 156 135 7 1 83 65 81 189 138 118 16 132 29 126 64 4 6 9 198 115 23 162 97 32 25 79 94 194 125 177 51 143 134 84 19 37 39 113 14 43 69 142 36 140 49 147 90 112 62 72 47 153 123 57 5 58 87 152 78 67 167 129 187 176 111 38 76 137 31 157 151 136 73 122 109 171 86 105 199 96 169 52 117 186 119 179 102 53 146 124 93 70 174 164 40 183 28 44 175 193 120 95 178 74 106 141 139 130 127 182 180 166 148 165 131 61 27 188 77 155 71 26 173 133 195 91 103 107 100 200 181 12 190 85 150 10 101 68 8 172 144 145 11 20 63 128 184 30 192 33 66 110 121 108 15 55 149 163 3 114 42 158 35 82 18 168 17 41 161 196 197 160 154 22 92 50 170 56 59 80 99 104 24 116 60 191 46 75 48 34 13 2 54 45 185 159 89 98 88
148 25 71 119 81 101 134 117 8 199 67 192 98 167 122 143 48 108 33 89 24 185 126 57 161 182 151 155 31 26 105 79 176 84 156 77 132 20 90 130 85 69 191 171 107 200 2 15 46 95 75 72 63 178 96 64 100 195 112 6 152 162 36 39 109 168 19 17 121 1 115 37 74 153 80 197 32 28 50 190 179 9 5 27 44 58 142 76 181 11 124 111 47 35 169 125 116 177 40 146 92 196 140 110 136 97 184 135 128 21 53 82 99 127 43 65 59 18 139 187 12 150 13 173 166 165 51 10 93 172 87 138 78 129 61 174 4 183 175 131 198 133 41 141 49 23 188 145 158 88 123 14 42 189 163 103 66 186 160 157 62 7 144 118 159 16 56 180 193 120 106 3 45 114 54 29 147 86 38 164 94 68 83 91 154 55 194 30 102 170 73 104 113 34 137 60 70 22 149 52
175 167 173 78 88 180 8 27 145 32 131 80 60 134 71 43 48 12 35 141 58 97 104 22 135 9 83 172 10 25 114 117 76 46 179 79 107 155 11 195 148 116 63 189 199 105 66 99 17 70 113 98 36 151 156 62 39 15 198 159 29 61 166 138 38 200 7 108 164 136 18 34 64 197 146 3 174 194 191 170 33 129 55 28 153 161 41 150 128 137 123 158 103 192 93 44 184 81 52 133 13 2 68 118 124 50 53 109 92 115 125 139 160 106 190 143 126 121 144 74 165 130 193 182 72 20 21 119 187 101 169 140 4 95 73 177 40 1 147 91 84 142 102 26 185 59 82 96 89 196 157 127 168 178 19 186 47 45 132 69 23 162 54 6 75 77 112 85 163 122 181 16 120 183 149 110 100 67 111 51 176 65 57 87 42 31 14 49 86 94 56 24 37 30 188 5 152 90 154 171
28 184 57 90 132 58 130 52 54 50 175 131 43 71 77 37 128 46 107 15 106 92 70 158 1 5 63 39 14 134 162 44 21 139 75 154 156 55 180 137 49 112 91 136 45 182 185 47 145 29 141 51 68 66 144 84 38 187 125 196 64 146 69 166 161 199 20 119 33 169 100 24 8 65 155 93 138 174 13 56 197 147 41 192 109 34 60 40 188 83 122 6 17 118 151 7 10 115 9 99 86 74 124 101 116 89 150 67 159 103 85 22 195 11 110 16 2 12 172 23 164 140 94 35 32 82 152 176 42 167 171 198 163 31 127 19 183 170 96 95 133 191 25 30 18 200 189 76 157 193 186 53 108 88 143 113 97 105 181 114 62 87 111 190 72 117 126 98 120 36 78 129 48 148 168 81 27 194 26 153 165 121 80 149 178 160 3 59 61 177 104 123 179 79 4 173 73 135 142 102
191 144 53 60 37 195 165 114 99 170 58 115 95 179 155 48 62 112 90 135 134 7 127 113 56 119 130 171 47 164 82 96 32 150 198 128 31 59 9 54 63 152 193 186 73 160 88 184 44 46 157 140 49 98 162 42 87 91 200 106 26 158 50 13 149 85 57 148 104 55 39 65 136 120 25 156 181 101 86 94 77 75 70 33 11 189 161 187 107 67 8 51 10 35 18 147 178 29 163 196 123 30 125 92 23 188 166 110 145 105 41 102 27 137 80 190 14 172 66 17 16 22 122 24 20 19 79 2 175 131 81 109 69 183 124 174 182 138 121 197 4 151 3 38 176 64 173 139 194 111 5 103 43 126 61 89 21 84 117 74 68 15 154 118 167 28 76 159 71 142 97 169 34 108 192 133 116 40 1 72 78 143 36 199 129 153 180 100 83 185 132 52 177 6 168 146 45 141 12 93
167 20 136 176 53 80 189 185 99 123 158 11 150 175 160 156 25 70 17 46 26 45 173 93 23 5 8 155 138 126 19 61 108 132 145 56 36 113 96 174 79 144 47 172 71 85 83 187 77 181 49 148 159 33 106 104 50 4 140 65 147 13 157 87 200 199 69 127 90 100 76 28 146 2 197 29 18 74 37 22 191 165 7 95 67 88 81 102 52 16 184 143 105 73 66 97 78 183 34 101 131 186 111 54 6 179 168 32 62 38 161 59 51 182 134 43 180 42 177 163 9 3 121 107 89 188 109 122 21 14 39 115 193 116 30 110 162 195 35 68 142 41 91 169 139 72 170 103 154 12 40 31 135 119 44 27 190 118 196 153 192 84 15 75 152 137 198 48 10 151 128 55 129 57 86 178 58 60 120 82 24 194 114 133 149 92 130 94 124 98 171 112 63 125 117 164 1 64 141 166
10 172 26 61 22 40 33 76 162 99 183 168 128 19 164 121 132 182 136 23 163 7 20 155 85 24 195 150 72 143 80 177 180 32 109 160 145 93 14 153 165 158 189 108 73 48 196 169 3 178 77 133 6 142 124 1 91 95 186 126 115 2 67 156 92 146 64 171 175 114 52 152 55 13 63 65 56 81 141 116 69 49 79 200 191 103 82 161 194 39 198 25 46 154 53 36 131 174 74 84 15 104 106 112 170 117 75 102 176 97 192 60 54 166 173 134 188 119 50 94 9 37 29 148 179 16 111 187 62 38 137 44 89 30 41 96 125 47 122 42 34 5 58 159 78 129 87 35 127 135 12 130 27 4 59 197 86 83 45 113 43 68 88 28 181 21 90 184 31 190 151 199 70 185 105 138 157 98 167 120 193 123 101 140 66 147 18 149 100 17 139 57 11 51 107 144 118 110 71 8
142 57 141 58 182 69 88 177 92 14 77 194 74 102 41 85 86 64 55 79 180 95 71 130 151 170 12 166 83 59 171 26 98 3 114 168 200 158 184 23 68 47 153 197 1 10 162 5 108 19 36 128 40 120 139 78 169 39 189 96 147 48 89 15 135 91 76 72 11 136 61 28 190 35 106 192 107 25 109 131 66 60 173 157 51 191 62 119 138 16 132 179 21 198 172 199 188 160 32 165 6 163 126 90 149 183 13 93 4 181 122 115 70 125 24 87 63 30 38 37 111 65 99 124 103 17 54 164 50 52 27 84 134 44 186 45 9 150 123 112 94 29 196 81 195 104 42 167 152 193 129 46 18 154 161 145 159 133 127 140 8 53 155 82 34 144 22 178 185 49 43 137 156 110 121 56 31 97 175 2 33 67 148 146 116 100 143 101 105 7 80 117 20 118 176 187 174 113 73 75
183 88 102 37 73 192 80 8 185 15 40 101 60 57 154 151 50 119 171 142 195 93 109 108 20 19 16 193 58 62 75 115 180 78 53 68 162 22 27 12 7 177 38 59 112 55 164 169 26 155 135 147 131 157 182 132 28 168 98 90 13 83 191 84 14 138 89 173 1 166 196 51 126 99 200 6 70 32 141 25 95 66 106 63 172 152 9 46 30 76 149 130 91 5 153 123 111 137 188 17 23 129 139 156 143 127 72 36 67 189 42 107 86 198 43 160 176 79 117 11 165 24 136 199 133 33 167 92 187 18 150 56 144 71 100 128 29 190 35 120 54 118 10 178 77 124 104 47 194 103 2 186 52 105 21 179 163 3 145 49 134 125 114 97 159 61 39 113 121 110 65 85 34 140 82 148 116 181 175 197 4 161 81 94 146 174 74 69 96 44 122 48 41 170 31 184 64 158 87 45
177 62 144 91 25 151 158 18 36 137 127 174 47 57 126 180 90 86 28 71 41 121 124 125 112 146 16 59 44 160 147 181 35 13 24 8 150 9 133 155 4 48 194 165 143 70 173 162 184 50 68 101 169 10 115 193 38 113 40 45 78 17 92 77 114 171 183 53 128 54 97 98 85 187 1 132 188 104 129 3 178 5 135 58 167 64 108 118 153 56 55 51 2 23 81 65 157 182 191 154 159 37 46 20 163 32 75 34 141 140 30 29 179 93 26 67 148 136 69 106 156 190 170 63 31 149 111 52 176 196 152 185 105 72 109 27 61 186 66 84 12 7 161 197 33 95 15 189 21 138 145 103 100 42 99 89 166 14 117 199 39 168 110 195 19 200 79 94 120 43 60 73 107 96 139 80 49 172 130 142 87 88 198 134 11 102 6 192 175 123 74 119 82 76 83 131 116 164 122 22
186 26 39 155 156 51 88 173 112 95 129 108 150 119 43 140 159 158 15 199 104 14 171 103 62 29 71 24 79 86 16 151 69 2 200 181 7 59 91 138 67 40 64 54 190 191 60 124 165 66 22 107 23 12 20 130 160 36 152 96 4 89 78 149 115 46 123 109 183 161 179 84 174 110 143 127 132 189 55 32 137 178 81 187 61 177 65 162 180 134 133 118 10 169 142 147 13 111 197 85 87 113 33 38 80 102 122 167 63 145 73 35 120 153 121 100 11 1 31 47 170 44 166 146 185 42 131 163 194 21 17 37 18 5 92 94 93 56 106 75 135 41 9 101 176 114 184 50 188 49 48 157 193 136 99 105 196 72 98 28 77 172 90 116 182 168 8 164 19 74 126 27 45 195 128 154 70 58 175 82 192 198 53 34 25 52 141 117 3 83 125 30 148 68 97 144 76 57 139 6
154 37 197 32 35 83 192 63 91 184 186 157 175 69 30 188 120 129 26 99 10 183 77 95 114 104 59 113 144 116 173 178 171 187 165 150 125 80 156 151 142 182 111 13 100 73 58 4 25 126 110 159 49 96 135 9 18 108 89 29 107 82 138 17 161 74 133 132 112 180 72 145 23 153 169 123 172 148 137 149 46 92 50 57 155 24 45 21 20 39 97 152 167 48 189 168 86 38 65 52 62 68 147 146 3 90 53 158 85 122 166 174 131 103 185 141 121 105 7 128 75 130 98 47 5 190 28 70 71 193 31 12 27 127 177 16 43 81 139 22 76 84 164 160 181 8 200 194 199 66 106 67 19 1 170 198 61 117 162 136 196 54 109 15 87 33 42 102 40 60 143 56 191 118 41 140 55 88 93 44 64 195 34 101 115 176 2 179 51 134 79 11 6 124 119 78 14 36 163 94
104 155 38 198 123 31 49 88 36 84 99 66 47 75 110 196 150 55 86 19 152 70 74 108 191 140 51 149 42 53 159 68 122 144 179 45 97 154 175 180 183 186 132 145 4 41 188 60 181 158 114 119 3 130 195 139 182 143 90 40 101 29 67 87 73 72 61 5 14 64 166 85 185 1 115 58 39 78 95 121 71 93 20 43 169 35 44 187 79 193 62 161 153 13 9 147 48 148 50 129 113 34 109 22 157 133 46 15 165 28 200 54 24 125 11 106 2 116 59 76 128 107 172 65 141 10 168 17 170 96 23 171 98 103 134 32 194 127 12 25 94 91 178 26 21 102 192 7 81 118 6 30 156 199 137 105 52 135 177 33 80 69 27 136 83 189 173 63 176 8 163 57 126 146 142 164 174 89 18 151 160 100 162 77 190 197 117 37 131 92 138 82 112 184 16 56 111 167 120 124
104 90 7 110 182 122 165 81 18 121 171 152 195 146 4 82 80 10 20 68 74 154 21 129 172 47 28 155 111 91 79 197 107 100 200 150 48 8 32 166 160 62 13 102 95 41 119 159 196 51 185 53 12 101 191 15 170 56 173 55 64 58 11 84 176 181 69 132 87 40 17 77 153 96 44 31 59 30 24 118 117 134 43 22 157 67 130 187 161 135 108 26 38 36 93 192 54 147 126 186 98 198 123 9 19 83 39 63 57 52 5 127 103 190 16 168 45 156 183 131 37 169 140 94 139 136 164 115 144 163 33 125 112 109 145 25 177 184 97 180 199 42 174 46 14 78 138 85 71 133 89 65 137 113 188 35 120 3 142 73 158 60 86 76 23 49 179 141 105 194 70 151 162 34 99 175 143 189 29 124 193 106 116 2 178 72 88 6 167 92 61 27 66 50 128 149 148 1 114 75
119 159 186 96 152 61 151 172 174 133 125 91 31 85 150 168 2 167 184 122 16 8 56 134 114 4 124 50 143 121 12 111 197 52 95 137 131 41 65 17 146 112 70 44 200 89 18 11 6 58 127 69 98 79 181 27 75 188 37 171 90 93 94 113 7 183 68 20 71 198 43 118 177 39 109 142 73 22 53 47 185 32 154 26 99 45 173 175 120 3 136 36 84 82 88 191 192 24 13 117 189 161 35 162 144 55 5 115 110 116 10 15 74 86 34 179 46 178 1 138 60 141 176 38 147 66 155 29 67 180 196 21 199 132 48 77 63 59 103 108 102 28 101 135 190 129 23 54 194 40 166 149 163 126 182 157 128 100 153 42 64 169 195 76 80 165 57 30 83 139 123 148 156 19 158 78 160 193 130 87 105 49 164 72 145 107 97 104 51 140 62 106 187 170 81 25 33 14 9 92
187 41 166 79 31 184 39 180 51 196 38 47 60 64 54 168 199 48 178 78 9 123 185 11 131 94 63 103 89 159 144 53 14 140 176 191 67 105 125 49 121 108 127 149 19 27 96 95 68 87 115 26 153 97 136 91 18 110 62 145 24 55 132 139 190 189 50 167 152 42 28 3 126 182 113 162 35 99 57 102 133 71 2 10 66 7 156 106 134 177 109 111 179 157 93 151 169 84 86 146 46 81 165 164 16 98 107 122 198 33 192 75 112 83 40 4 5 175 73 72 12 117 29 36 173 58 45 61 13 174 142 195 56 129 85 200 138 43 163 92 76 8 171 114 183 197 80 21 100 44 74 124 154 32 82 193 181 77 160 161 150 194 148 20 70 90 6 69 119 143 147 59 88 186 15 120 130 22 172 128 155 101 37 141 170 30 188 65 158 104 25 23 137 17 118 1 34 52 116 135
128 100 98 122 82 131 153 164 35 7 200 151 94 17 90 81 185 123 65 124 76 114 88 163 176 125 43 16 156 57 75 62 61 55 93 5 2 10 175 40 38 9 47 67 68 1 73 192 165 46 196 107 177 171 195 48 130 84 45 150 179 144 22 26 119 160 178 115 194 28 58 126 110 4 83 95 140 77 183 30 103 13 24 121 8 92 23 18 85 182 80 99 118 166 71 180 25 51 27 148 172 105 170 143 50 133 41 138 198 39 44 53 108 149 152 174 89 15 137 136 37 167 134 70 141 189 42 193 19 120 21 168 181 3 161 52 154 49 34 74 169 96 29 102 139 64 6 188 33 158 145 187 20 101 59 11 54 186 56 173 116 159 79 36 60 86 155 135 113 117 191 142 87 199 109 112 32 197 104 91 162 184 63 132 72 157 147 97 69 31 106 66 111 146 14 190 12 127 129 78
58 137 92 55 90 147 15 100 93 13 148 46 129 26 186 125 83 68 199 22 114 163 132 111 179 135 152 50 192 42 143 85 81 168 70 165 162 91 72 97 121 101 110 99 53 47 30 52 195 185 139 36 172 87 49 60 123 7 14 150 115 67 21 171 45 19 107 95 197 79 120 76 170 159 89 31 187 140 193 109 84 57 174 151 78 8 145 25 169 86 103 190 75 167 116 6 105 96 131 34 71 160 65 191 194 12 158 119 142 118 182 136 63 32 44 198 33 127 98 40 27 69 122 66 1 184 35 80 24 9 154 113 181 178 37 146 59 41 124 2 164 133 10 153 11 38 54 134 88 161 166 126 17 188 43 48 149 39 196 155 157 102 3 175 29 130 28 138 82 200 108 94 74 156 20 106 173 128 73 16 77 18 104 180 189 117 112 61 51 144 64 56 176 183 5 177 4 141 62 23
157 89 125 21 179 189 149 121 126 120 118 159 52 57 136 183 197 124 53 70 2 193 27 46 32 78 114 158 90 81 79 25 186 180 69 200 64 98 93 63 17 153 190 102 198 18 155 59 112 173 72 127 166 24 10 91 9 185 171 131 1 184 109 88 47 139 87 117 116 163 28 3 35 175 178 106 148 38 164 133 154 41 141 97 20 74 115 160 15 75 195 92 181 129 44 29 119 100 49 167 34 5 128 65 22 26 68 105 150 182 61 48 101 188 104 95 191 174 40 146 172 138 162 111 110 103 152 51 36 196 55 62 37 8 170 137 176 56 16 19 45 14 142 83 50 147 60 30 76 66 134 43 199 58 99 168 85 161 140 144 113 135 6 54 123 73 13 33 67 4 122 23 169 86 151 177 165 77 194 12 96 187 145 108 71 94 192 107 156 80 11 7 132 130 39 82 31 84 42 143
187 118 139 135 70 128 181 7 186 195 124 38 147 28 115 132 129 3 42 171 4 158 182 73 131 164 100 98 55 142 150 148 152 14 32 169 89 85 74 31 106 155 159 64 196 161 77 172 101 88 94 17 120 122 65 92 179 99 136 46 154 23 53 33 178 78 47 200 190 103 1 173 141 54 79 107 174 60 110 37 36 104 50 10 90 138 69 105 75 39 125 15 123 40 56 21 109 126 87 121 133 183 160 185 18 166 193 67 91 163 149 143 63 76 184 180 176 134 96 61 72 19 24 137 82 177 44 59 22 86 146 51 81 35 9 13 6 191 41 48 168 97 197 34 199 127 27 157 83 119 170 165 93 194 25 45 52 111 145 156 80 62 113 29 57 144 8 192 16 188 108 167 198 114 116 2 5 71 58 130 151 117 11 68 189 12 43 162 30 112 66 26 153 95 175 49 140 20 84 102
56 28 195 178 141 111 27 92 120 169 3 148 1 157 2 150 121 105 18 100 81 130 172 68 116 165 115 177 159 70 181 167 184 106 39 66 30 48 183 174 128 193 41 117 139 73 45 97 57 127 50 11 99 102 110 173 51 77 199 17 89 144 15 170 104 154 10 20 53 5 182 19 26 9 176 95 64 103 119 198 155 187 129 35 82 63 29 61 23 188 133 85 146 153 12 156 96 122 109 151 69 113 131 83 162 108 13 65 4 147 161 94 93 31 171 7 72 47 34 24 152 42 71 44 145 49 175 166 75 200 36 62 192 80 196 124 33 40 158 135 52 43 54 14 46 114 140 194 107 134 112 160 179 180 76 88 90 164 98 79 32 125 37 58 126 8 138 186 84 149 22 168 118 197 21 101 25 143 137 191 136 185 142 59 38 132 6 91 87 123 163 67 78 55 86 16 60 74 189 190
169 152 132 67 100 137 151 182 175 40 120 94 65 198 90 71 191 138 115 112 114 197 168 34 23 164 165 86 70 33 150 3 146 41 4 105 140 200 55 10 124 118 135 143 7 159 30 97 25 186 129 109 170 22 93 185 2 76 48 31 32 157 183 87 116 45 58 99 172 19 24 106 57 192 141 81 189 9 160 121 133 8 158 153 144 83 78 69 148 11 142 166 18 54 111 20 38 42 95 174 21 50 163 91 181 180 179 162 171 145 154 61 36 51 119 113 89 79 131 35 27 147 88 108 98 28 80 1 72 117 130 43 12 77 64 134 194 103 178 37 84 190 126 161 102 184 188 68 123 73 173 82 92 104 46 13 17 62 196 56 176 139 44 66 6 53 136 85 156 15 199 16 128 14 63 101 75 26 47 29 127 187 195 52 74 107 60 177 122 59 49 110 125 5 96 39 155 193 167 149
90 128 68 49 109 142 89 184 151 143 145 58 86 21 193 92 29 82 121 133 194 63 175 51 124 47 18 73 127 25 112 120 178 144 183 8 43 168 191 46 44 98 200 185 172 81 35 14 111 169 32 78 195 12 27 138 28 125 24 131 45 31 80 167 53 171 56 50 38 39 87 79 19 4 155 107 161 71 22 6 154 182 174 156 54 48 23 170 16 52 177 69 94 132 118 192 75 105 137 64 2 180 61 108 136 186 17 83 70 102 20 41 141 9 188 7 74 65 162 189 129 163 187 15 36 72 84 130 66 196 95 93 153 5 3 104 62 122 33 96 59 166 97 149 148 116 126 110 198 199 139 101 146 34 197 114 140 11 157 40 179 100 26 103 60 150 42 152 117 67 158 115 76 159 10 1 88 134 106 181 77 55 119 160 164 176 91 13 30 173 190 85 57 113 123 135 147 165 99 37
168 119 102 98 36 167 5 193 179 27 148 90 157 1 108 158 195 9 169 192 96 143 152 188 127 11 16 24 18 55 194 183 22 73 83 138 81 171 137 97 120 185 33 178 154 51 166 116 128 40 187 114 69 133 75 70 59 125 135 32 107 76 95 159 94 10 61 113 17 15 71 112 3 182 58 140 74 68 196 134 101 130 31 161 91 52 2 147 124 150 122 25 85 149 186 63 144 142 62 174 66 19 53 23 198 77 164 42 78 109 39 117 189 72 160 92 54 123 50 200 57 13 165 89 173 132 45 136 86 104 49 175 141 191 163 145 93 44 6 38 28 48 170 87 67 156 26 80 176 197 47 82 88 162 35 43 131 56 34 79 111 64 7 4 41 46 14 199 99 103 172 190 146 115 21 8 181 30 60 126 12 139 105 110 180 20 155 129 29 121 65 153 184 118 106 151 37 84 177 100
2 114 101 193 31 188 136 127 62 185 55 190 196 138 48 54 87 153 12 151 177 104 69 174 139 126 90 93 38 128 21 111 47 172 112 155 95 89 150 52 106 85 74 61 141 173 182 56 88 148 143 96 189 98 70 180 130 64 13 162 133 11 194 186 183 66 146 123 124 33 181 60 195 29 10 19 109 76 134 26 132 79 84 159 75 83 71 105 41 14 145 1 154 131 25 115 160 152 15 34 116 197 156 51 8 191 121 63 20 137 110 16 184 169 199 161 99 6 5 91 27 92 149 42 129 7 36 119 192 103 122 147 40 118 30 39 170 72 46 23 200 117 165 108 86 28 65 22 82 44 57 167 81 120 102 164 113 73 17 24 198 77 59 158 18 135 125 144 67 58 49 45 97 140 94 100 142 175 179 9 4 37 53 35 68 3 32 78 163 80 157 166 176 187 107 178 168 43 50 171
56 57 95 35 118 120 37 123 36 15 169 137 167 97 96 170 41 31 106 124 173 85 107 165 128 22 28 16 119 54 4 144 168 89 109 143 2 5 197 71 152 115 23 33 52 51 61 42 20 196 49 88 6 93 53 104 59 108 130 63 140 90 105 172 11 39 189 183 66 154 151 125 32 77 48 81 113 171 76 157 164 146 40 174 163 46 178 131 110 195 185 126 8 58 111 50 26 188 199 160 21 117 194 43 149 166 186 127 25 112 60 64 99 177 135 24 175 80 179 68 73 14 17 155 191 45 7 145 94 9 148 181 10 200 1 72 78 74 153 136 150 122 141 62 79 13 147 100 190 132 198 133 139 67 182 83 129 12 91 75 92 82 103 159 116 65 47 161 84 180 193 187 44 70 3 18 134 192 138 162 38 156 34 30 19 69 55 27 114 158 87 176 142 184 121 101 98 86 29 102
77 8 152 54 151 83 68 57 82 172 106 64 70 177 145 116 148 84 166 35 55 14 16 140 142 90 111 44 117 48 175 167 170 79 125 176 156 133 75 13 7 85 193 199 149 11 127 195 107 137 198 45 47 97 2 24 17 171 61 183 147 165 38 72 46 3 124 37 158 188 10 51 194 108 139 131 95 150 96 169 144 162 33 115 119 32 196 28 63 191 58 86 92 120 93 102 56 74 155 187 26 81 159 123 19 31 23 181 67 104 66 4 163 43 21 36 126 101 190 40 12 30 100 128 60 50 161 69 34 59 122 42 15 141 132 29 160 200 184 153 121 135 1 173 49 91 130 105 25 134 73 146 180 39 189 174 98 186 129 157 185 76 99 89 113 118 110 192 138 112 136 178 179 62 65 5 154 197 22 9 94 87 71 18 103 52 80 168 53 164 182 109 88 143 114 20 41 27 6 78
143 164 195 47 91 8 57 43 53 140 6 182 68 37 33 12 198 171 82 99 200 176 30 137 26 29 170 40 149 122 108 116 96 23 134 27 55 157 147 2 199 11 112 175 94 78 162 111 13 173 172 70 22 151 117 71 84 14 5 150 186 16 156 167 52 86 63 88 146 133 31 20 161 18 194 75 83 189 1 85 60 39 190 87 62 93 135 17 179 15 34 163 114 132 9 148 178 95 69 90 174 81 125 166 145 45 50 144 59 36 21 128 49 4 129 169 153 65 51 120 67 102 193 141 25 107 61 109 139 76 187 24 103 89 118 181 32 105 10 160 159 152 74 115 188 142 72 41 154 110 38 130 35 28 106 126 138 165 183 80 131 168 44 66 46 192 48 180 121 127 58 155 98 97 123 73 191 54 136 124 158 196 19 56 184 92 3 177 100 101 119 79 42 113 197 185 7 64 77 104
33 32 131 74 157 27 19 11 187 195 52 93 134 127 92 186 116 183 65 46 146 16 68 121 122 119 95 197 192 63 152 78 181 6 56 9 31 176 166 133 185 22 5 175 136 168 71 160 174 153 179 140 53 7 128 34 164 43 84 36 45 83 114 39 72 189 132 35 41 89 82 110 182 144 91 191 149 123 75 115 170 163 196 2 26 137 159 117 125 145 129 113 107 38 58 3 30 108 177 198 141 13 162 80 87 21 70 61 10 165 161 98 4 54 55 109 64 178 154 48 8 86 199 50 77 1 118 105 20 103 173 85 193 17 172 102 88 69 147 111 37 76 60 14 59 148 120 150 51 73 79 190 97 155 57 143 62 81 18 23 99 49 167 67 94 194 142 124 25 151 169 112 90 101 184 130 158 66 24 135 47 180 188 156 138 200 12 171 104 100 139 106 28 29 44 15 126 96 40 42
57 180 37 35 116 101 58 179 161 134 65 174 176 74 85 155 142 172 100 94 64 84 120 185 16 67 156 53 110 27 168 132 32 79 144 182 97 25 195 114 138 139 183 83 103 90 95 131 169 18 150 8 119 68 29 77 128 171 44 165 181 86 157 105 3 112 147 175 20 24 140 194 188 66 61 192 189 34 5 7 167 43 71 22 91 51 121 177 1 6 143 14 102 63 4 141 36 49 11 38 152 88 200 184 96 76 166 87 190 70 146 80 199 193 2 104 60 196 93 39 82 135 75 154 197 48 127 170 118 109 41 115 122 187 136 12 33 19 129 160 50 78 153 133 198 145 17 52 126 54 98 46 45 55 62 130 117 42 123 178 186 107 158 191 47 99 26 151 9 31 40 13 106 15 72 73 56 108 81 125 23 30 89 162 113 159 164 148 163 28 111 149 10 69 59 92 124 173 21 137
88 84 181 37 115 63 90 161 79 82 39 13 179 57 46 100 45 154 177 183 30 9 132 41 55 123 21 53 153 52 74 138 77 146 56 134 34 16 83 126 108 33 116 166 188 64 130 70 184 60 170 101 171 96 133 81 93 159 71 128 112 144 148 47 124 187 194 135 119 32 111 122 167 113 12 66 106 35 3 142 189 28 152 68 127 121 118 196 85 178 89 5 117 163 86 49 20 59 72 197 91 65 44 51 14 103 18 195 164 168 11 157 104 62 199 182 87 15 150 129 198 24 193 75 31 22 137 131 48 151 23 99 110 174 95 149 29 73 175 80 54 145 120 4 78 114 160 38 143 2 102 69 19 158 136 76 50 141 125 67 165 200 169 98 147 7 94 6 61 26 36 8 17 97 186 10 40 43 42 180 190 109 58 27 176 140 92 107 172 105 25 185 162 173 191 192 1 139 156 155
25 200 36 60 128 6 185 179 157 155 101 4 42 95 110 80 131 196 8 70 152 55 198 141 47 149 191 59 169 172 23 65 102 28 158 85 83 163 112 117 180 26 126 77 171 108 103 86 161 14 98 109 82 194 73 53 154 34 35 37 153 166 100 66 199 78 120 104 121 190 67 187 122 32 43 9 33 147 188 74 145 159 189 130 75 115 107 91 71 2 27 69 3 13 21 54 22 5 134 38 136 125 174 146 64 105 181 61 175 113 12 63 50 168 93 56 178 24 137 62 165 84 11 118 129 186 167 18 19 143 150 162 41 138 140 160 7 123 81 48 96 94 111 156 148 119 92 176 40 68 39 51 114 79 133 58 88 52 29 127 170 1 173 116 183 106 197 10 164 135 15 45 132 184 89 16 97 195 72 193 124 182 30 20 46 57 76 31 151 177 87 90 44 144 192 49 142 17 99 139
190 149 173 69 175 129 183 166 140 120 122 70 51 76 57 188 176 94 6 48 5 185 126 109 20 186 43 47 133 139 80 147 152 8 83 56 40 18 192 14 106 148 193 68 22 123 23 82 137 101 103 160 105 13 32 124 19 52 42 59 46 174 97 28 16 60 195 167 136 41 197 38 150 91 180 88 2 9 55 86 4 146 24 159 119 145 77 98 198 36 154 81 7 64 132 177 92 15 79 118 50 10 108 161 191 90 107 104 113 89 199 117 12 26 99 75 54 37 100 33 62 158 142 73 194 78 125 30 178 110 179 157 29 165 121 169 34 49 95 196 187 112 170 31 141 131 61 189 151 127 128 200 164 35 115 144 182 102 74 111 153 162 155 87 21 63 84 138 71 116 171 134 1 25 114 27 163 39 156 181 135 3 17 85 93 130 168 143 184 96 45 11 66 67 53 58 172 44 72 65
104 18 44 54 74 25 163 23 184 34 137 28 183 4 72 13 11 33 112 144 193 185 140 65 17 92 48 58 20 3 61 148 157 78 21 147 82 84 52 167 105 36 149 119 113 156 190 170 169 151 51 165 161 71 15 12 62 162 98 57 130 192 27 195 146 181 100 85 41 80 22 24 188 50 114 90 199 108 155 68 179 122 123 96 46 196 63 64 83 38 6 40 66 118 47 136 117 197 76 121 89 159 35 87 158 187 189 99 116 32 131 14 75 9 124 106 191 175 7 94 172 16 127 55 164 143 86 135 115 168 110 180 198 10 43 173 138 150 30 45 126 139 26 19 8 142 2 60 102 49 194 176 178 88 39 166 152 153 133 101 182 1 200 171 95 77 103 177 111 125 69 53 5 67 134 42 154 56 93 91 73 107 81 109 160 186 97 29 120 37 70 174 141 132 129 31 128 145 59 79
170 113 131 112 7 200 115 18 86 81 147 62 140 60 92 76 133 136 32 110 15 184 68 158 80 109 119 143 65 38 36 175 121 106 155 44 160 47 169 144 168 9 21 6 183 180 19 16 149 102 108 156 186 24 196 30 188 37 141 118 132 25 181 41 114 153 100 103 124 96 56 43 174 66 105 77 101 82 195 179 93 146 85 87 13 72 194 29 142 150 49 120 191 162 97 192 159 193 63 79 8 5 148 52 176 59 173 134 69 88 20 17 22 128 55 34 95 45 42 111 187 126 164 163 182 48 91 178 50 122 137 190 10 145 198 116 172 139 107 90 197 78 177 75 127 138 27 129 125 14 154 89 151 35 161 28 1 4 74 152 23 135 33 31 12 166 185 94 46 167 73 61 39 189 171 98 26 117 70 2 58 11 3 57 64 54 123 53 104 199 83 157 40 130 84 71 99 165 67 51
136 47 84 123 80 188 149 153 5 105 195 190 99 125 60 176 57 173 52 175 96 107 101 92 163 21 34 59 19 166 56 23 95 124 167 103 10 109 20 15 98 198 48 174 28 69 200 16 2 22 38 116 177 79 119 102 121 72 17 160 185 30 12 4 130 36 145 150 112 138 113 41 86 131 51 135 71 89 8 65 53 142 144 6 158 133 97 50 78 24 159 85 91 126 155 106 45 35 118 37 67 44 191 181 179 146 154 134 3 46 165 171 7 157 143 63 90 43 151 178 32 25 169 49 87 111 73 13 168 40 140 77 156 68 110 9 104 76 170 139 1 61 194 33 182 141 192 196 14 108 161 75 27 70 183 31 88 147 186 162 64 82 137 83 42 94 189 93 152 199 128 148 66 120 114 129 18 100 197 164 26 127 81 58 117 180 193 11 54 39 115 62 184 172 29 74 55 122 132 187
182 43 10 118 162 155 170 165 79 102 106 64 75 61 38 84 197 13 122 96 134 186 16 94 22 160 73 153 137 95 114 125 150 4 89 33 82 39 59 136 1 172 110 120 193 109 180 140 192 54 171 90 60 157 98 138 72 112 91 6 35 108 71 45 191 70 68 200 42 46 65 97 151 81 8 145 129 167 18 78 15 100 184 88 29 24 27 5 152 177 53 74 159 101 103 86 123 44 196 2 117 93 187 174 63 156 105 41 132 113 37 66 173 85 62 34 119 124 194 80 166 158 30 146 26 178 135 14 69 28 175 190 36 168 47 17 58 181 169 163 83 149 23 51 52 77 130 131 111 99 188 3 199 142 104 147 25 133 183 144 128 115 9 7 141 198 121 126 139 56 195 31 32 143 12 20 176 40 179 19 55 161 154 21 189 57 48 107 50 76 164 87 92 67 11 148 185 49 116 127
93 53 14 160 132 118 86 103 42 37 179 48 2 163 63 108 153 94 81 59 101 191 55 43 174 90 171 115 4 144 84 10 141 172 88 3 185 75 137 127 109 145 69 57 176 166 197 161 49 138 165 72 41 71 87 85 193 9 149 73 61 5 131 11 13 32 182 178 56 33 170 155 120 110 27 146 195 148 198 30 117 188 38 169 64 126 47 70 106 22 36 91 21 186 134 168 62 67 78 175 26 28 98 135 60 130 1 136 167 83 147 200 12 40 158 113 194 17 104 139 68 196 31 133 189 192 82 143 152 183 107 18 112 157 123 111 52 23 122 151 15 190 20 39 177 125 164 124 24 199 74 154 80 129 173 25 29 77 76 162 187 121 95 150 96 35 102 100 180 97 119 116 34 184 6 46 65 44 181 8 7 16 159 19 156 142 140 79 50 66 51 128 54 58 99 89 105 92 45 114
150 191 6 27 198 61 84 138 7 133 197 137 83 9 139 25 127 173 160 17 149 1 146 46 147 23 53 171 39 54 128 63 148 144 126 134 69 142 170 77 172 12 36 183 8 22 48 119 62 159 122 66 37 44 178 31 107 151 57 28 94 179 80 196 16 34 190 184 10 194 59 109 98 64 192 111 152 116 11 74 118 55 140 70 188 97 157 81 5 76 162 90 161 89 51 79 177 3 169 129 168 141 121 156 176 103 132 166 125 29 93 42 67 4 120 110 35 43 158 174 135 185 13 106 154 153 102 164 99 193 82 104 195 52 85 73 33 45 41 199 78 155 123 30 200 112 56 20 40 65 100 143 38 187 163 86 91 180 108 19 145 181 24 136 115 95 101 117 130 68 87 105 18 2 50 165 60 114 32 167 96 186 175 88 182 71 189 92 113 58 47 72 21 75 26 131 15 49 124 14
66 72 160 155 95 193 19 190 105 53 4 13 79 88 81 139 77 125 161 23 41 87 113 128 150 78 68 15 43 164 69 63 183 186 39 137 35 117 11 108 62 173 107 85 90 149 97 122 58 134 86 5 80 188 142 40 153 29 9 123 170 10 32 54 129 181 121 112 103 34 174 140 111 27 67 195 8 94 33 61 84 42 59 31 3 162 64 176 192 2 198 154 180 130 60 172 56 167 18 131 152 115 189 24 127 47 145 136 93 132 110 148 22 55 146 187 46 92 135 126 100 184 20 21 124 73 191 37 156 175 102 1 71 14 101 120 76 197 143 177 194 49 138 114 133 163 45 16 70 44 38 17 166 182 141 109 28 12 6 165 91 171 57 178 119 89 159 151 185 168 157 51 200 99 48 74 52 25 50 36 7 75 82 147 98 196 26 169 118 96 116 106 104 158 65 179 30 83 199 144
149 176 73 6 58 123 97 54 57 31 63 126 109 172 108 46 41 33 182 42 22 29 98 134 106 64 197 118 129 2 194 101 74 60 90 145 62 55 146 30 161 76 184 186 26 37 10 19 121 110 164 198 169 99 137 1 112 199 94 193 80 96 65 36 17 104 69 144 148 155 84 162 83 87 81 181 100 185 150 12 190 93 114 168 52 192 135 157 23 51 59 177 116 167 131 14 71 15 91 111 82 21 13 5 136 120 9 147 4 45 35 20 170 159 196 53 166 39 174 115 122 70 124 158 47 50 18 75 125 24 119 152 105 175 3 86 43 66 103 138 143 179 44 40 160 67 113 107 77 156 130 180 163 153 25 142 95 133 102 183 154 92 127 34 173 191 89 79 85 11 195 165 141 139 78 27 117 8 49 72 61 16 140 32 189 178 28 56 132 200 7 128 38 68 188 171 88 187 48 151
71 161 20 44 83 73 88 137 1 63 156 128 10 104 125 135 61 89 58 67 194 149 9 97 195 96 189 141 200 109 118 48 32 188 173 53 17 47 148 184 186 131 76 166 182 196 158 23 27 154 111 198 130 155 95 100 4 38 87 150 117 5 140 134 151 78 65 43 7 6 41 165 106 199 84 192 172 162 177 40 16 86 82 142 179 18 26 144 113 175 183 176 143 19 164 22 28 2 122 157 101 197 163 116 14 66 90 39 29 138 132 74 168 103 193 51 121 64 55 85 49 139 136 46 59 52 115 167 120 70 123 92 191 91 62 54 99 12 36 24 11 159 21 124 56 102 105 79 110 94 160 181 69 31 180 42 93 147 129 72 8 13 185 108 25 114 81 169 33 35 146 174 178 171 107 190 126 77 37 68 187 30 119 45 75 145 57 133 50 15 127 3 152 34 153 80 98 170 112 60
22 21 104 84 35 177 145 167 192 73 159 198 119 85 63 118 122 3 71 66 120 116 65 154 9 117 82 115 41 193 133 72 162 155 55 163 8 184 62 5 186 59 57 137 139 103 132 183 67 58 7 112 146 134 68 130 171 13 97 125 131 109 110 191 37 189 44 79 88 99 54 38 180 168 89 2 170 36 144 135 43 11 172 94 96 15 78 142 50 90 200 49 106 161 152 157 150 24 197 10 100 124 16 20 14 86 165 164 182 60 51 77 75 81 42 47 126 181 6 129 33 114 136 107 70 27 48 153 188 4 123 61 127 143 30 176 46 128 105 76 26 17 174 173 80 151 199 108 185 40 149 169 32 187 74 19 102 160 138 52 91 39 64 175 141 34 53 1 121 166 28 23 140 31 12 98 56 83 196 101 111 29 113 178 156 18 69 45 195 95 190 158 148 92 147 87 93 25 179 194
134 179 91 141 84 182 13 138 7 160 11 153 94 3 68 1 196 189 71 152 174 10 108 83 66 198 48 105 89 117 165 82 158 93 85 193 113 43 121 56 23 154 60 101 128 9 58 106 123 88 27 116 127 12 41 129 8 34 194 57 63 69 151 78 24 164 115 150 130 16 25 2 54 166 199 181 36 144 197 61 38 75 18 77 15 103 112 162 157 185 184 19 147 163 143 186 122 172 29 135 32 200 97 28 40 170 70 52 169 190 183 30 17 37 96 111 35 20 178 142 109 80 149 120 125 161 180 87 62 176 167 72 192 5 139 195 171 73 119 45 14 76 4 98 95 107 90 168 131 137 39 132 44 187 42 67 146 59 159 49 156 92 51 74 22 47 21 31 6 126 79 86 118 148 140 53 191 102 133 177 46 188 155 55 26 50 114 104 110 100 64 99 81 136 173 175 65 145 33 124
110 120 33 76 34 3 193 143 54 12 19 199 182 155 112 94 64 166 17 99 128 69 158 92 185 43 142 35 40 61 16 122 25 135 49 89 153 160 90 27 26 194 82 149 53 115 13 200 108 51 184 63 161 148 144 83 87 1 136 180 10 14 179 55 4 165 70 140 151 138 119 52 113 198 189 15 74 159 58 124 38 150 147 104 18 91 174 107 72 105 37 71 75 81 152 183 127 137 141 169 20 116 134 21 46 100 41 197 103 66 80 86 172 102 9 77 125 98 106 196 23 60 73 65 126 181 5 146 39 167 187 47 111 22 85 168 62 191 132 95 57 2 36 29 48 131 97 6 186 154 162 117 50 176 11 118 78 7 121 56 129 32 88 101 59 109 178 192 171 190 79 123 173 163 28 42 30 96 145 156 139 45 24 157 84 93 195 8 130 164 31 114 44 188 68 177 67 133 170 175
20 51 112 179 194 178 95 35 187 22 9 26 189 31 33 94 75 39 152 117 172 149 191 131 53 175 133 78 29 52 162 102 105 5 157 159 180 11 57 173 170 91 90 89 153 58 118 120 21 176 49 37 98 64 192 79 40 68 65 18 137 101 43 185 182 134 166 125 12 150 106 92 38 54 81 44 7 129 146 139 169 72 2 60 138 50 181 142 161 62 184 124 55 73 71 135 109 34 27 97 148 128 103 46 16 104 88 111 42 80 82 56 99 10 127 141 147 77 126 156 199 66 190 158 186 195 183 17 93 30 14 196 113 36 171 193 197 86 200 198 25 28 108 74 59 83 174 19 122 154 160 163 110 13 167 155 6 4 87 67 114 145 69 165 151 168 123 23 177 61 8 116 136 45 143 144 96 1 24 76 63 3 15 107 70 119 41 115 32 188 100 121 164 132 130 48 47 84 140 85